Municipality code,square
76001,"[-76.55323133405957, 3.4062672204498083, -76.4860619546151, 3.473745747318065]"
5001,"[-75.60847058045997, 6.210967220073269, -75.5410220422612, 6.278445747318065]"
50001,"[-73.66295855834497, 4.108767220355771, -73.59573458823247, 4.176245747318064]"
54001,"[-72.53849203162315, 7.873767219848251, -72.47080007014465, 7.941245747318064]"
73001,"[-75.2341715228093, 4.404067220316198, -75.16692155913864, 4.471545747318066]"
68001,"[-73.1498307587881, 7.0848672199552105, -73.08226160203337, 7.152345747318066]"
5360,"[-75.64326597461275, 6.138867220082993, -75.57582666854904, 6.206345747318064]"
8001,"[-74.83049287115125, 10.930167219429613, -74.7621980191767, 10.997645747318064]"
41001,"[-75.32101467720933, 2.8937672205183227, -75.2538787048278, 2.961245747318065]"
23001,"[-75.91946572624731, 8.726267219732208, -75.85162607114259, 8.793745747318063]"
68276,"[-73.13152717841406, 7.035967219961829, -73.06396519775542, 7.103445747318065]"
5088,"[-75.59177622386039, 6.298167220061509, -75.52431637390244, 6.365645747318065]"
76520,"[-76.3371348773283, 3.5056672204365125, -76.26995839223409, 3.5731457473180654]"
25290,"[-74.39796700493098, 4.303467220329682, -74.33072609936089, 4.370945747318064]"
66001,"[-75.72818936128422, 4.780567220265693, -75.66090363403895, 4.848045747318066]"
8758,"[-74.80408782342725, 10.886267219435679, -74.7358030866911, 10.953745747318061]"
20001,"[-73.29373625451078, 10.42656721949912, -73.22555485859357, 10.494045747318065]"
73411,"[-75.09469466385747, 4.886867220251423, -75.0273983061489, 4.954345747318065]"
47001,"[-74.23582465024067, 11.202367219391945, -74.16746611578975, 11.269845747318065]"
54874,"[-72.50738614827465, 7.8015672198580575, -72.43970597810117, 7.869045747318065]"
25307,"[-74.8374655192988, 4.269867220334185, -74.77022759238064, 4.337345747318064]"
50006,"[-73.7982521711169, 3.955167220376346, -73.73104100792924, 4.022645747318064]"
70001,"[-75.42971640590683, 9.265667219658512, -75.36177518562889, 9.333145747318067]"
85001,"[-72.42421621593606, 5.296867220196344, -72.3568766528669, 5.3643457473180645]"
76834,"[-76.2321561262317, 4.050967220363514, -76.16493703265587, 4.118445747318065]"
66170,"[-75.70969043917519, 4.8023672202627665, -75.64240255098692, 4.869845747318065]"
73268,"[-74.91545881703425, 4.114867220354956, -74.84823432823754, 4.182345747318065]"
95001,"[-72.67210453133762, 2.5315672205667057, -72.60498891146341, 2.5990457473180646]"
73449,"[-74.67636117973996, 4.170167220347547, -74.60913195363875, 4.237645747318064]"
68547,"[-73.08402129622769, 6.9548672199728, -73.01647110521445, 7.022345747318065]"
68307,"[-73.20182742653697, 7.039367219961368, -73.13426494856803, 7.106845747318065]"
54498,"[-73.38912036735675, 8.21236721980222, -73.32137161657373, 8.279845747318065]"
47288,"[-74.22624251027004, 10.483467219491278, -74.158048578129, 10.550945747318064]"
25488,"[-74.6535656646921, 4.273167220333741, -74.58632744626343, 4.340645747318064]"
18753,"[-74.80349379842696, 2.0815672206267797, -74.73639971386835, 2.1490457473180644]"
54405,"[-72.53878605906986, 7.800467219858206, -72.47110606767943, 7.867945747318065]"
73408,"[-74.94669162656756, 4.826267220259558, -74.87940135791798, 4.893745747318065]"
73443,"[-74.92650910233792, 5.165167220214043, -74.8591837995902, 5.232645747318066]"
86320,"[-76.90427330040721, 0.6323672208200506, -76.83722039074424, 0.6998457473180648]"
5045,"[-76.65969002895176, 7.84926721985158, -76.59200208118678, 7.916745747318064]"
76111,"[-76.3321487292066, 3.8698672203877678, -76.26494446753195, 3.937345747318065]"
86865,"[-76.9387719710694, 0.3915672208521473, -76.87172174318292, 0.4590457473180646]"
41396,"[-75.92580018662548, 2.359667220589658, -75.85869328350603, 2.4271457473180647]"
5266,"[-75.61396593016325, 6.138167220083087, -75.5465267131961, 6.205645747318065]"
76147,"[-75.94358621072153, 4.716267220274321, -75.87630679973165, 4.783745747318064]"
81736,"[-71.91041885808662, 6.920967219977385, -71.84287355385246, 6.988445747318065]"
73319,"[-75.00355377804227, 3.994367220371097, -74.93633939279218, 4.061845747318065]"
5490,"[-76.81773590512472, 8.392067219777761, -76.74995601463446, 8.459545747318067]"
68679,"[-73.16729102639746, 6.521267220031398, -73.09980150632732, 6.588745747318065]"
85010,"[-72.58030750717764, 5.135167220218072, -72.51298540221437, 5.202645747318064]"
13244,"[-75.15065778524166, 9.682967219601345, -75.08263363991117, 9.750445747318064]"
41298,"[-75.66269557289404, 2.162367220615996, -75.59559792741196, 2.229845747318064]"
68081,"[-73.88092701792917, 7.033767219962127, -73.81336535892885, 7.101245747318065]"
41551,"[-76.08488851524245, 1.8201672206616601, -76.01780503437685, 1.8876457473180646]"
50573,"[-72.99545633525894, 4.055967220362844, -72.92823682256815, 4.123445747318063]"
20011,"[-73.64912556836128, 8.272967219793973, -73.58136639405564, 8.340445747318062]"
50313,"[-73.74043512344103, 3.5124672204356013, -73.6732581448019, 3.579945747318065]"
20013,"[-73.27089080752425, 10.002967219557412, -73.20280048579717, 10.070445747318066]"
68655,"[-73.53405111402166, 7.356567219918416, -73.46644116001802, 7.424045747318062]"
76109,"[-77.06024767915935, 3.843467220391303, -76.99304552300593, 3.910945747318065]"
23855,"[-76.18072148832552, 8.225467219800437, -76.1129704909653, 8.292945747318065]"
15753,"[-72.71757628252307, 6.299067220061386, -72.65011631498079, 6.366545747318064]"
76364,"[-76.57292520297123, 3.227067220473773, -76.50576811933409, 3.294545747318065]"
41020,"[-75.34790340585275, 2.4881672205725005, -75.28079004393997, 2.5556457473180645]"
13430,"[-74.79331131522952, 9.212967219665723, -74.72538029687499, 9.280445747318065]"
73675,"[-75.51294918485837, 3.881267220386241, -75.44574400952962, 3.948745747318063]"
25245,"[-74.47607812512068, 4.54706722029702, -74.40881492448442, 4.614545747318065]"
20710,"[-73.42688000739871, 7.725467219868388, -73.35921214471759, 7.7929457473180666]"
76892,"[-76.52793627338704, 3.544067220431374, -76.46075698870433, 3.6115457473180643]"
18001,"[-75.64518428458503, 1.5804672206936363, -75.57810929729753, 1.6479457473180648]"
13688,"[-74.08709661676272, 7.9295672198406715, -74.01939546586195, 7.997045747318065]"
86568,"[-76.53237232321874, 0.46686722084211074, -76.46532138401186, 0.5343457473180645]"
5837,"[-76.7621074114481, 8.05936721982303, -76.69438462622556, 8.126845747318065]"
5679,"[-75.59974752233406, 5.840967220123134, -75.53234520340763, 5.908445747318065]"
23466,"[-75.45189726034913, 7.937367219839611, -75.38419481959099, 8.004845747318065]"
5212,"[-75.54397731376585, 6.314867220059257, -75.4765152791875, 6.382345747318066]"
23555,"[-75.61573442907726, 8.37516721978006, -75.54795749676532, 8.442645747318066]"
5656,"[-75.76148344356932, 6.407967220046691, -75.6940091223973, 6.475445747318064]"
73585,"[-74.96604686873945, 3.8229672203940472, -74.89884633762381, 3.8904457473180645]"
76400,"[-76.13417589927526, 4.499367220303418, -76.06691716119428, 4.566845747318064]"
95025,"[-72.66129867485415, 2.296867220598042, -72.59419480502018, 2.364345747318065]"
15469,"[-73.60534750422028, 5.840667220123175, -73.53794522160304, 5.908145747318064]"
68406,"[-73.25153036216523, 7.0794672199559425, -73.18396200035518, 7.146945747318066]"
5079,"[-75.36428316507313, 6.4037672200472615, -75.29680940211732, 6.471245747318066]"
15480,"[-74.13802731319777, 5.495967220169571, -74.07066550441688, 5.563445747318065]"
44430,"[-72.27554152221417, 11.344067219372308, -72.20714917802472, 11.411545747318065]"
54003,"[-73.25430636404785, 8.04686721982473, -73.18658567798033, 8.114345747318065]"
25875,"[-74.50669935810697, 4.979067220239044, -74.4393935896336, 5.046545747318064]"
23570,"[-75.54134286341382, 8.471267219766974, -75.4735490277021, 8.538745747318066]"
54810,"[-72.77195487988531, 8.606267219748572, -72.70413696189709, 8.673745747318064]"
25862,"[-74.37970481164643, 5.08406722022494, -74.31238811038936, 5.151545747318065]"
76130,"[-76.38173016976211, 3.3729672204542624, -76.31456312524229, 3.440445747318065]"
23807,"[-76.0932141290492, 8.139067219812192, -76.02547788073123, 8.206545747318064]"
15686,"[-73.51475871622748, 6.023467220098548, -73.44733395928209, 6.090945747318066]"
81001,"[-70.79542868362319, 7.05656721995904, -70.72786368609073, 7.124045747318063]"
86885,"[-76.649876425282, 0.9956672207716193, -76.58281722745438, 1.0631457473180645]"
25386,"[-74.49608045988238, 4.596567220290381, -74.42881257836788, 4.664045747318065]"
44847,"[-72.29998244471346, 11.680167219325657, -72.23150809648618, 11.747645747318066]"
8433,"[-74.80798090222572, 10.82576721944404, -74.73971003505022, 10.893245747318065]"
5250,"[-74.84236773009395, 7.570967219889352, -74.77472447366087, 7.638445747318065]"
76275,"[-76.26822724954289, 3.287967220465629, -76.2010660614523, 3.3554457473180648]"
76616,"[-76.32135913562163, 4.122367220353951, -76.25413400804311, 4.189845747318065]"
73275,"[-74.84776467560752, 4.2506672203367595, -74.78052844027644, 4.318145747318065]"
8296,"[-74.92008517596975, 10.863167219438875, -74.85180574453376, 10.930645747318065]"
73671,"[-75.04914975429953, 3.8954672203843397, -74.9819434371546, 3.962945747318063]"
76248,"[-76.34724026990484, 3.6517672204169624, -76.28005297097219, 3.7192457473180642]"
68255,"[-73.23705725685639, 7.436567219907575, -73.16943499114413, 7.504045747318064]"
41016,"[-75.27102391567178, 3.1881672204789733, -75.20386941379381, 3.2556457473180647]"
5380,"[-75.67686502958367, 6.123967220085, -75.60942761778021, 6.191445747318064]"
20228,"[-73.57640680064178, 9.16596721967215, -73.50848482972317, 9.233445747318065]"
68755,"[-73.30368467914072, 6.4265672200441815, -73.23620788139885, 6.494045747318065]"
50680,"[-73.2760412374406, 3.6773672204135366, -73.20885199833734, 3.744845747318065]"
73217,"[-75.22744455272951, 3.7637672204019714, -75.16024866567841, 3.8312457473180643]"
73678,"[-75.1291581224142, 4.0984672203571515, -75.06193502636505, 4.165945747318064]"
25402,"[-74.37339858838499, 4.9640672202410565, -74.30609436299743, 5.031545747318064]"
54206,"[-73.37073961308276, 8.434367219771996, -73.3029522914058, 8.501845747318063]"
73168,"[-75.51824171232349, 3.689867220411864, -75.45105152095672, 3.7573457473180647]"
54261,"[-72.63629408178004, 7.898767219844853, -72.56859801142456, 7.966245747318062]"
94001,"[-67.95464742568491, 3.83706722039216, -67.88744577779245, 3.9045457473180645]"
5495,"[-74.8088076379064, 8.062067219822662, -74.74108439882595, 8.129545747318065]"
5030,"[-75.73645754077153, 6.0045672201010944, -75.66903513999272, 6.0720457473180645]"
5856,"[-75.65783219411004, 5.581267220158094, -75.59046060116438, 5.648745747318066]"
23660,"[-75.47658286431148, 8.912467219706793, -75.40870886318666, 8.979945747318066]"
8558,"[-74.88687155258721, 10.743467219455408, -74.818619421416, 10.810945747318067]"
5147,"[-76.68907991908765, 7.724367219868536, -76.62141223339921, 7.791845747318065]"
66088,"[-75.90250919301073, 5.166867220213815, -75.83518370849353, 5.234345747318065]"
13468,"[-74.46061085306386, 9.208167219666379, -74.39268076090914, 9.275645747318066]"
5665,"[-76.41072284278486, 8.241267219798289, -76.34296913090196, 8.308745747318067]"
50318,"[-73.79924780605496, 3.8466672203908736, -73.73204539545375, 3.914145747318064]"
5051,"[-76.46107406433225, 8.817367219719777, -76.39321769901606, 8.884845747318066]"
5034,"[-75.91393454394984, 5.621867220152629, -75.8465582406049, 5.689345747318063]"
70670,"[-75.41250536487118, 9.150967219674202, -75.344586271305, 9.218445747318064]"
5282,"[-75.70755067628981, 5.892967220116131, -75.64014203525441, 5.960445747318064]"
8078,"[-74.95347363636054, 10.761867219452867, -74.88521732945307, 10.829345747318065]"
50150,"[-73.72074565536835, 3.7920672203981844, -73.65354755729626, 3.859545747318065]"
66400,"[-75.91749346142889, 4.862967220254632, -75.85019951430263, 4.930445747318064]"
41132,"[-75.35910778209725, 2.652967220550492, -75.29198564081778, 2.720445747318065]"
23417,"[-75.84991085306386, 9.208167219666379, -75.78198076090916, 9.275645747318066]"
68077,"[-73.64835106642558, 5.899367220115269, -73.58094164336494, 5.966845747318064]"
73349,"[-74.77030952929577, 5.173167220212968, -74.70298337063684, 5.240645747318064]"
17174,"[-75.63719780567716, 4.948767220243112, -75.56989514941218, 5.016245747318065]"
5659,"[-76.56246582639163, 8.727367219732061, -76.494625970589, 8.794845747318066]"
66383,"[-76.03749879854348, 4.968167220240506, -75.97019415184427, 5.035645747318065]"
5129,"[-75.66976067738071, 6.054867220094316, -75.602331989372, 6.1223457473180645]"
86569,"[-76.63787342977375, 0.6512672208175312, -76.5708202594849, 0.7187457473180646]"
20060,"[-73.92428446761721, 9.94236721956574, -73.85620685095365, 10.009845747318069]"
70708,"[-75.16275687474322, 8.628467219745549, -75.09493495886495, 8.695945747318063]"
54800,"[-73.32023673620466, 8.401567219776465, -73.25245518013044, 8.469045747318065]"
44650,"[-73.03717082867985, 10.737067219456291, -72.968920148169, 10.804545747318066]"
25815,"[-74.66827243347501, 4.424067220313514, -74.60102064399055, 4.491545747318065]"
73026,"[-74.98687748809625, 4.533467220298844, -74.91961556461422, 4.600945747318065]"
23580,"[-75.70549044530561, 7.854367219850887, -75.63780166309218, 7.921845747318063]"
68572,"[-73.71224767331884, 5.843467220122798, -73.64484505174238, 5.910945747318064]"
76233,"[-76.72523921939288, 3.6237672204207088, -76.65805402703646, 3.691245747318064]"
91001,"[-69.97466202879016, -4.2487327785283435, -69.90743176484408, -4.181254252681935]"
50689,"[-73.73214069992675, 3.6631672204154375, -73.66495253868226, 3.730645747318065]"
85250,"[-71.92534790898571, 5.8473672201222735, -71.85794481501354, 5.914845747318064]"
5172,"[-76.71517286429133, 7.635967219880531, -76.64751931783975, 7.703445747318065]"
5154,"[-75.22729853293094, 7.952767219837518, -75.1595935417026, 8.020245747318066]"
50350,"[-73.81819527621677, 2.1490672206177712, -73.75109822607742, 2.2165457473180648]"
20770,"[-73.5440996505933, 7.966267219835682, -73.47639241938157, 8.033745747318065]"
86571,"[-76.44207575945816, 0.9298672207803915, -76.37501790055389, 0.9973457473180646]"
85440,"[-72.96237943795515, 4.574967220293279, -72.89511360525998, 4.642445747318065]"
44078,"[-72.82869204180393, 10.922967219430605, -72.7603988517747, 10.990445747318063]"
50590,"[-73.2418150003968, 2.9045672205168795, -73.17467837976223, 2.972045747318064]"
85139,"[-72.31468954881855, 4.784367220265182, -72.24740344560611, 4.851845747318065]"
86001,"[-76.67987775097268, 1.1154672207556466, -76.61281588815568, 1.1829457473180647]"
68689,"[-73.44561366326941, 6.848167219987229, -73.37807877107794, 6.915645747318064]"
5809,"[-75.82725904652499, 6.028767220097834, -75.75983362750888, 6.096245747318067]"
15212,"[-74.081124161375, 5.440167220177075, -74.01376867072074, 5.5076457473180644]"
68190,"[-73.98367501340424, 6.279567220064017, -73.91621758970406, 6.347045747318063]"
8638,"[-74.95765501796423, 10.596267219475722, -74.88943602110861, 10.663745747318062]"
19698,"[-76.51741712415632, 2.9745672205075255, -76.45027624373664, 3.0420457473180655]"
68615,"[-73.18384159945403, 7.230867219935445, -73.1162507150519, 7.298345747318065]"
73283,"[-75.07050669725174, 5.1198672202201285, -75.0031862159352, 5.187345747318064]"
41807,"[-75.94739037432271, 1.916167220648852, -75.88030316184883, 1.9836457473180649]"
15572,"[-74.62115369877353, 5.942367220109475, -74.55373899919809, 6.009845747318064]"
41319,"[-75.78989189435994, 1.9912672206388307, -75.7228016310815, 2.0587457473180653]"
68770,"[-73.47426151117732, 6.068167220092524, -73.4068311518562, 6.1356457473180654]"
41615,"[-75.28881030373525, 2.7434672205384025, -75.22168310404037, 2.810945747318065]"
68872,"[-73.20839899189536, 6.638167220015609, -73.1408935060706, 6.705645747318064]"
5631,"[-75.64866459274197, 6.117067220085931, -75.5812280565653, 6.184545747318066]"
85410,"[-72.78359955861767, 4.982967220238519, -72.71629338817478, 5.050445747318065]"
47692,"[-74.38581059320582, 9.205467219666748, -74.31788102181788, 9.272945747318065]"
5190,"[-75.12228990022388, 6.504567220033652, -75.05480263742821, 6.5720457473180645]"
76122,"[-75.86166689399084, 4.300967220330016, -75.794426210852, 4.368445747318065]"
5091,"[-76.01283917154572, 5.700967220141985, -75.94545359196385, 5.768445747318065]"
76318,"[-76.36574328508844, 3.7309672204063626, -76.2985499399428, 3.798445747318063]"
20443,"[-73.06652887984785, 10.359067219508415, -72.998362262411, 10.42654574731806]"
25743,"[-74.42166996164039, 4.369567220320821, -74.35442312800828, 4.437045747318064]"
52786,"[-77.31408356857165, 1.5362672206995316, -77.24701001905545, 1.6037457473180645]"
50226,"[-73.5199640191257, 4.235667220338769, -73.45272910003456, 4.303145747318064]"
50568,"[-72.11606598671978, 4.280467220332764, -72.04882712263311, 4.3479457473180645]"
5411,"[-75.84589941838267, 6.6443672200147725, -75.77839307772673, 6.711845747318065]"
5890,"[-75.04589392605224, 6.564067220025619, -74.97839859400085, 6.631545747318064]"
68500,"[-73.33287181618559, 6.230167220070681, -73.26542080106245, 6.297645747318064]"
81794,"[-71.7783845461089, 6.424567220044453, -71.7109080150148, 6.492045747318066]"
50251,"[-73.82793579542148, 3.530967220433127, -73.76075746922409, 3.598445747318065]"
5579,"[-74.43838669972303, 6.456867220040094, -74.3709058519504, 6.524345747318065]"
44279,"[-72.88218390593174, 10.85206721944041, -72.81390701955509, 10.919545747318066]"
73148,"[-74.75215878308586, 4.114067220355063, -74.68493436235718, 4.181545747318065]"
17777,"[-75.68502285490385, 5.416867220180209, -75.6176699832075, 5.4843457473180655]"
54720,"[-72.83410661527122, 8.049867219824325, -72.76638542571233, 8.117345747318067]"
50110,"[-72.99607737120465, 4.530967220299178, -72.92881568207599, 4.598445747318064]"
76563,"[-76.27743059499751, 3.38516722045263, -76.21026269769213, 3.4526457473180647]"
5790,"[-75.43406609665789, 7.550167219892174, -75.36642611398554, 7.617645747318065]"
41013,"[-75.80489696138555, 2.2235672206078263, -75.73779652969715, 2.2910457473180643]"
73624,"[-75.27386270446452, 4.2054672203428165, -75.20663042126918, 4.272945747318064]"
76895,"[-76.10386955190658, 4.360467220322042, -76.0366235397667, 4.4279457473180655]"
5101,"[-76.05394599804853, 5.8156672201265405, -75.98654673456755, 5.883145747318063]"
76622,"[-76.18827042643883, 4.379867220319441, -76.12102266091496, 4.447345747318064]"
68235,"[-73.54490074859174, 6.663667220012166, -73.4773917417299, 6.731145747318065]"
5361,"[-75.79733463094979, 7.137367219948105, -75.72975771330188, 7.204845747318067]"
23162,"[-75.82497734707647, 8.852967219714916, -75.75711440288916, 8.920445747318063]"
68079,"[-73.25729653720275, 6.602367220020446, -73.18979597145771, 6.669845747318065]"
25035,"[-74.56967669916936, 4.516567220301111, -74.50241635739137, 4.584045747318065]"
73861,"[-74.96298467327246, 4.684567220278574, -74.8957083445889, 4.752045747318064]"
19573,"[-76.4510241824393, 3.1962672204778904, -76.38386914553946, 3.2637457473180644]"
76113,"[-76.19106133464628, 4.173767220347063, -76.12383179795468, 4.241245747318065]"
41524,"[-75.46741351421528, 2.85456722052356, -75.40027987460638, 2.922045747318065]"
68167,"[-73.18037334040325, 6.253767220067497, -73.11291927010015, 6.321245747318065]"
15442,"[-74.0403284052085, 5.515167220166988, -73.97296440739909, 5.582645747318066]"
54250,"[-73.1282491230787, 8.541867219757352, -73.06044274231783, 8.609345747318063]"
41006,"[-75.92318759897927, 1.770967220668224, -75.85610595741531, 1.838445747318065]"
50287,"[-73.65273212720516, 3.4287672204467983, -73.58556115717192, 3.496245747318065]"
76736,"[-75.96446379208825, 4.230467220339465, -75.89722932820598, 4.297945747318065]"
81300,"[-71.80510740256001, 6.759367219999234, -71.73758505887376, 6.826845747318065]"
25658,"[-74.32279722406432, 4.937367220244642, -74.25549573378191, 5.004845747318065]"
50606,"[-73.59776368303517, 4.227967220339801, -73.53052943780398, 4.295445747318064]"
73504,"[-75.25525003175076, 3.9023672203834163, -75.18804315827532, 3.969845747318064]"
17614,"[-75.73642119221715, 5.387067220184216, -75.6690716535613, 5.454545747318065]"
50711,"[-73.78492074153306, 3.090167220492075, -73.71777260574989, 3.1576457473180652]"
20517,"[-73.65888412145766, 8.92596721970495, -73.59100760092531, 8.993445747318063]"
15531,"[-74.01253457299606, 5.6223672201525625, -73.9451582114263, 5.689845747318064]"
25612,"[-74.79826451783974, 4.247067220337241, -74.73102859883123, 4.314545747318065]"
85263,"[-72.02633877115552, 5.6941672201429, -71.95895399417154, 5.761645747318064]"
13052,"[-75.37871398103486, 10.22126721952739, -75.31057722022712, 10.288745747318064]"
85225,"[-72.2286333958181, 5.602067220155293, -72.16125939397142, 5.669545747318064]"
76020,"[-75.81608252302973, 4.6398672202845725, -75.74881050522065, 4.707345747318064]"
25885,"[-74.3719233644827, 5.425967220178986, -74.3045694712814, 5.493445747318065]"
81065,"[-71.46092400745113, 6.992367219967726, -71.3933683823333, 7.059845747318064]"
13657,"[-75.11508197832663, 9.91846721956902, -75.04700935016585, 9.985945747318064]"
25394,"[-74.42331786160786, 5.326867220192311, -74.35597499956775, 5.394345747318065]"
5120,"[-75.38406574387656, 7.54566721989278, -75.3164264682552, 7.613145747318064]"
66440,"[-75.77279547720555, 4.902967220249262, -75.70549748893332, 4.970445747318065]"
15455,"[-73.17800896905018, 5.162667220214379, -73.1106839335011, 5.230145747318064]"
54344,"[-73.17942683593556, 8.287667219791974, -73.11166512124328, 8.355145747318065]"
76100,"[-76.21696707152608, 4.304967220329481, -76.1497260324351, 4.372445747318065]"
15507,"[-74.21423467177279, 5.624067220152335, -74.14685811219945, 5.691545747318065]"
27001,"[-76.69183668288355, 5.658567220147693, -76.6244560919332, 5.726045747318066]"
8573,"[-74.98689613655567, 10.9584672194257, -74.91859474097676, 11.025945747318065]"
85162,"[-72.92999242978513, 4.842367220257397, -72.86270055086564, 4.909845747318065]"
76890,"[-76.4168470107434, 3.8265672203935654, -76.34964619488366, 3.894045747318065]"
76828,"[-76.35296153708663, 4.178467220346434, -76.28573159449827, 4.245945747318065]"
17380,"[-74.69832303399798, 5.420067220179778, -74.6309698032883, 5.487545747318062]"
54172,"[-72.63436790313072, 7.5731672198890525, -72.56672429989463, 7.640645747318065]"
47053,"[-74.21905068863632, 10.557367219481089, -74.15084036749965, 10.624845747318066]"
54385,"[-73.36137056018421, 7.6068672198844824, -73.29372163164582, 7.674345747318066]"
5736,"[-74.73542779164598, 7.044367219960692, -74.66786458189289, 7.111845747318065]"
95015,"[-72.68659056740877, 1.9258672206475573, -72.61950296738719, 1.9933457473180647]"
47245,"[-74.00828796092729, 8.967067219699336, -73.94040374584299, 9.034545747318065]"
73352,"[-74.56635997521238, 4.142067220351311, -74.49913316422237, 4.209545747318065]"
13836,"[-75.44822226951672, 10.298167219516804, -75.38006889890347, 10.365645747318062]"
5854,"[-75.47293407599531, 7.129867219949121, -75.40535827062934, 7.197345747318064]"
41791,"[-75.85659369726493, 2.0768672206274066, -75.7894998157212, 2.144345747318064]"
19785,"[-76.95849215296138, 2.003767220637162, -76.89140137067616, 2.0712457473180645]"
99773,"[-69.82917190023302, 4.412367220315083, -69.76192117985634, 4.479845747318064]"
73067,"[-75.41573670910095, 3.555967220429782, -75.3485565506653, 3.6234457473180655]"
73770,"[-74.86555464541956, 4.015367220368285, -74.79833852099472, 4.082845747318065]"
86573,"[-74.81407126773078, -0.22763277906532364, -74.74702249729606, -0.16015425268193542]"
73030,"[-74.7974877585933, 4.747967220270065, -74.73020524441809, 4.815445747318063]"
99524,"[-70.44282510125645, 5.4568672201748285, -70.3754677265164, 5.524345747318064]"
47460,"[-74.42566638578207, 9.767367219589765, -74.35762500495892, 9.834845747318063]"
25805,"[-74.48606744933794, 4.3134672203283415, -74.41882565274794, 4.380945747318064]"
5861,"[-75.7717528825135, 5.929067220111266, -75.70433981912043, 5.996545747318064]"
54245,"[-73.48164335797043, 8.47686721976621, -73.41384853111187, 8.544345747318065]"
5308,"[-75.47977916742536, 6.343167220055439, -75.41231341735605, 6.410645747318066]"
66682,"[-75.65469198543785, 4.833467220258591, -75.58740099733384, 4.900945747318064]"
70820,"[-75.6156385402392, 9.491267219627623, -75.5476529621223, 9.558745747318065]"
47189,"[-74.28409824129447, 10.976667219423186, -74.21579262799345, 11.044145747318067]"
17442,"[-75.63282424005574, 5.4415672201768865, -75.56546859167797, 5.509045747318065]"
23574,"[-76.29528968574736, 8.985467219696822, -76.22740201401383, 9.052945747318065]"
25513,"[-74.19340560008182, 5.099067220222924, -74.1260873182516, 5.1665457473180645]"
27615,"[-77.14705481461891, 7.40486721991187, -77.07943744372618, 7.472345747318064]"
5390,"[-75.63893959601508, 5.708167220141014, -75.57155316556832, 5.775645747318064]"
25001,"[-74.70186882909174, 4.344367220324199, -74.63462426615673, 4.411845747318065]"
23068,"[-75.17882606821533, 8.278767219793183, -75.11106589213577, 8.346245747318063]"
25258,"[-74.32441178175375, 5.2151672202073245, -74.25708110766719, 5.282645747318065]"
5093,"[-76.01756215817417, 6.078467220091135, -75.95013050197491, 6.145945747318065]"
8685,"[-74.78856934835333, 10.7239672194581, -74.72032163431547, 10.791445747318065]"
25572,"[-74.68672367849894, 5.431567220178233, -74.6193691558193, 5.499045747318065]"
20238,"[-73.99400265245298, 10.115167219541986, -73.92588859376842, 10.182645747318066]"
5353,"[-75.94564321992605, 5.769267220132789, -75.87824952524122, 5.836745747318065]"
44560,"[-72.47859002104923, 11.74126721931716, -72.41010049078531, 11.808745747318069]"
41770,"[-75.82909087593411, 1.9412672206455022, -75.76200265667171, 2.008745747318064]"
68720,"[-73.65037669992547, 6.305467220060524, -73.58291589573616, 6.372945747318066]"
13670,"[-73.9568577280399, 7.442667219906745, -73.88923451796605, 7.510145747318063]"
23090,"[-76.27496846214062, 8.756267219728114, -76.20712332407156, 8.823745747318064]"
15580,"[-74.21282672896493, 5.4856672201709555, -74.14546609133069, 5.553145747318065]"
41306,"[-75.57960002341342, 2.352967220590553, -75.51249344776367, 2.4204457473180647]"
5543,"[-75.94312366682873, 6.987667219968363, -75.87556872441948, 7.055145747318065]"
18205,"[-75.95287646403389, 0.9993672207711255, -75.8858171882892, 1.0668457473180644]"
19533,"[-76.35957736664794, 1.0820672207600996, -76.29251627632124, 1.1495457473180644]"
73547,"[-74.91137637326132, 4.509567220302051, -74.84411668489138, 4.577045747318066]"
8520,"[-74.78876722725171, 10.705167219460694, -74.72052376375846, 10.772645747318062]"
19212,"[-76.29292234866267, 3.1401672204853903, -76.22577098956936, 3.2076457473180646]"
66075,"[-75.99189614098454, 4.916067220247502, -75.92459682200105, 4.983545747318065]"
70215,"[-75.32721810304449, 9.283167219656121, -75.25927348163906, 9.350645747318067]"
25596,"[-74.56688588490316, 4.709567220275218, -74.49960712711862, 4.777045747318064]"
73520,"[-75.05720492713718, 5.086267220224643, -74.98988799435608, 5.153745747318064]"
76606,"[-76.55594550683094, 3.788267220398693, -76.48874770660639, 3.8557457473180654]"
19455,"[-76.26212485396725, 3.2165672204751763, -76.1949684702757, 3.2840457473180646]"
70265,"[-74.57053953398953, 8.43346721977212, -74.50275237082461, 8.500945747318065]"
68669,"[-72.88300869298283, 6.777767219996745, -72.81548376286071, 6.845245747318065]"
8372,"[-75.06907738300588, 10.794867219448308, -75.00081356808873, 10.862345747318065]"
73483,"[-75.12713793981844, 3.589367220425313, -75.05995531339671, 3.656845747318066]"
76863,"[-76.23357788132628, 4.541867220297717, -76.1663151694669, 4.609345747318064]"
20400,"[-73.37034213366046, 9.527367219622679, -73.30234935426236, 9.594845747318065]"
23189,"[-75.65497626668405, 8.841267219716514, -75.58711548768478, 8.908745747318065]"
73555,"[-75.6779230802505, 3.1626672204823825, -75.61077025388177, 3.230145747318065]"
44090,"[-73.34302896281132, 11.238767219386904, -73.2746617863896, 11.306245747318066]"
19001,"[-76.6396013618846, 2.40736722058329, -76.57249210076024, 2.474845747318065]"
47318,"[-74.25750150050305, 9.11046721967974, -74.18959015132336, 9.177945747318066]"
23682,"[-75.5668822596645, 7.753467219864589, -75.49920988300438, 7.820945747318067]"
5284,"[-76.16510638816932, 6.744867220001194, -76.0975860776616, 6.812345747318065]"
17616,"[-75.7996073799694, 5.132767220218396, -75.73228553001843, 5.200245747318064]"
47268,"[-74.30235285676528, 10.576867219478396, -74.2341381908241, 10.644345747318063]"
54553,"[-72.44133048772365, 8.329867219786228, -72.37356145437576, 8.397345747318065]"
70400,"[-75.31057462585136, 8.823467219718944, -75.24271713520706, 8.890945747318066]"
73270,"[-74.9853051162306, 5.08986722022416, -74.91798780437449, 5.157345747318064]"
20621,"[-73.20732796563962, 10.350667219509576, -73.13916318023573, 10.418145747318066]"
41668,"[-76.301788996044, 1.8454672206582852, -76.23470455006047, 1.9129457473180649]"
5240,"[-75.79977586555118, 6.292667220062251, -75.73231673379351, 6.3601457473180645]"
20175,"[-73.84721238494743, 9.224067219664205, -73.77927922283301, 9.291545747318066]"
8849,"[-75.00986766694425, 10.709067219460158, -74.94162332233662, 10.776545747318066]"
41357,"[-75.6681067483197, 2.614967220555567, -75.60098668087207, 2.6824457473180643]"
5604,"[-74.72762410895832, 6.993767219967538, -74.66006828038995, 7.061245747318064]"
19050,"[-77.28269692689565, 2.2220672206080274, -77.2155965644146, 2.2895457473180643]"
54820,"[-72.51684503919786, 7.276567219929255, -72.44924726065925, 7.344045747318064]"
15185,"[-73.48055692035182, 5.994567220102442, -73.41313576318775, 6.062045747318063]"
68211,"[-73.50697350220972, 6.25626722006716, -73.43951910757806, 6.323745747318065]"
44874,"[-73.01305253405845, 10.573967219478797, -72.94483851480288, 10.641445747318064]"
73616,"[-75.6782345090516, 3.4954672204378756, -75.61105876248703, 3.5629457473180643]"
50400,"[-74.05673442255392, 3.493067220438197, -73.98955884944925, 3.560545747318064]"
5761,"[-75.77698744235494, 6.467967220038593, -75.70950510606262, 6.5354457473180645]"
20178,"[-73.63582246291283, 9.327967219649985, -73.56786910417924, 9.395445747318066]"
18029,"[-75.91178001416465, 1.295167220731685, -75.84471360367597, 1.3626457473180646]"
44035,"[-72.62651579954603, 11.127267219402343, -72.55817500105165, 11.194745747318066]"
73226,"[-74.72605514310777, 4.027367220366677, -74.65883802077414, 4.094845747318064]"
52079,"[-78.17328524251879, 1.637767220685993, -78.10620833182188, 1.7052457473180649]"
68418,"[-73.13590481850915, 6.722367220004234, -73.06838765413065, 6.789845747318064]"
18592,"[-75.1917895416113, 1.8737672206545086, -75.12470400053681, 1.941245747318064]"
73854,"[-75.15076093045037, 4.164367220348323, -75.08353220418047, 4.231845747318064]"
44378,"[-72.79720483373278, 11.033467219415325, -72.72888600974645, 11.100945747318065]"
54398,"[-73.27211756022156, 8.179467219806698, -73.20437443533473, 8.246945747318065]"
41799,"[-75.17131894072836, 3.033167220499693, -75.10417441677201, 3.1006457473180644]"
20250,"[-73.78585227302794, 9.628467219608822, -73.71783917420956, 9.695945747318065]"
25524,"[-74.52136063004656, 4.1573672203492595, -74.45413250609401, 4.224845747318064]"
41518,"[-75.80740157625554, 2.4159672205821416, -75.74029188503154, 2.4834457473180644]"
76306,"[-76.3007417427708, 3.6906672204117563, -76.23355149034936, 3.758145747318064]"
76869,"[-76.47544075282876, 3.6645672204152495, -76.40825248550145, 3.732045747318064]"
41349,"[-75.48350500379082, 2.549567220564301, -75.41638843609226, 2.617045747318065]"
5347,"[-75.76366839530313, 6.176867220077869, -75.69622423710763, 6.244345747318066]"
99001,"[-67.51946701110514, 6.155167220080797, -67.45202562745104, 6.222645747318066]"
5480,"[-76.46954000382019, 7.209567219938329, -76.40195231748864, 7.277045747318065]"
25878,"[-74.55747153643871, 4.404367220316157, -74.4902215454421, 4.471845747318064]"
13744,"[-73.97989604797884, 7.922667219841609, -73.91219603701893, 7.990145747318065]"
20383,"[-73.83635296194726, 8.584867219751493, -73.76853888769834, 8.652345747318067]"
17042,"[-75.8182110235239, 5.201067220209219, -75.75088186943259, 5.268545747318063]"
50683,"[-73.910229023761, 3.3398672204586886, -73.84306427749878, 3.407345747318065]"
5649,"[-75.02586690287445, 6.153467220081023, -74.95842573616248, 6.220945747318065]"
23815,"[-75.58920547007793, 9.152067219674052, -75.52128616567236, 9.219545747318065]"
25040,"[-74.4982868588748, 4.729567220272537, -74.4310061484602, 4.797045747318066]"
5197,"[-75.21895875360485, 6.024067220098469, -75.15153392173768, 6.091545747318067]"
68217,"[-73.07427382601969, 6.261267220066487, -73.00681878233631, 6.328745747318066]"
41548,"[-75.83879718266633, 2.233167220606546, -75.77169630695848, 2.300645747318064]"
44098,"[-72.92078527900603, 10.864067219438748, -72.85250564109326, 10.931545747318067]"
25797,"[-74.42358162009744, 4.620967220287108, -74.35631141252549, 4.688445747318065]"
25053,"[-74.44916414149239, 4.238467220338393, -74.38192897705684, 4.305945747318064]"
50450,"[-72.79270606557445, 2.5895672205589593, -72.72558736778629, 2.6570457473180644]"
54099,"[-72.68096825723015, 7.577667219888442, -72.61332394430255, 7.645145747318065]"
5113,"[-75.94120231124033, 6.686267220009112, -75.87369017228762, 6.753745747318065]"
5660,"[-75.02735785758918, 6.009667220100408, -74.95993482175835, 6.077145747318066]"
68575,"[-73.93204791626292, 7.314567219924106, -73.86444437135859, 7.382045747318062]"
15097,"[-72.6178761521731, 6.297067220061655, -72.55041644590617, 6.364545747318063]"
23686,"[-75.87138394440659, 8.92406721970521, -75.8035077786967, 8.991545747318067]"
73200,"[-74.93136484667384, 4.254567220336235, -74.86412826835708, 4.3220457473180645]"
25867,"[-74.59639231986996, 4.840167220257691, -74.52910066130532, 4.907645747318063]"
17272,"[-75.59531433500476, 5.2623672202009795, -75.52797854253213, 5.329845747318065]"
23419,"[-76.38857814215584, 8.861567219713745, -76.32071360457013, 8.929045747318066]"
27073,"[-76.44942060857711, 5.376567220185628, -76.3820722398957, 5.444045747318064]"
23500,"[-76.16251125744512, 9.212367219665804, -76.09458035489303, 9.279845747318065]"
15223,"[-72.14182217664589, 6.967067219971151, -72.07427022100894, 7.034545747318066]"
23675,"[-75.98832180948877, 9.321267219650904, -75.92036976023874, 9.388745747318064]"
70429,"[-74.66354603086643, 8.507067219762096, -74.59574584722962, 8.574545747318066]"
17877,"[-75.90690182655342, 5.026867220232622, -75.8395911095313, 5.094345747318063]"
20570,"[-73.62073145251517, 10.382667219505166, -73.55255967956928, 10.450145747318064]"
41872,"[-75.2518238170401, 3.1851672204793746, -75.18466951297562, 3.252645747318065]"
13458,"[-74.50662462995813, 8.262067219795457, -74.43886733633792, 8.329545747318063]"
76845,"[-75.77078388196307, 4.668167220280774, -75.7035091397177, 4.735645747318064]"
17444,"[-75.08671437848015, 5.263167220200873, -75.01937849885466, 5.330645747318064]"
19110,"[-76.67631733006802, 2.9812672205066293, -76.60917603664244, 3.0487457473180646]"
47555,"[-74.8164655058518, 9.758767219590947, -74.74842588840738, 9.826245747318065]"
17524,"[-75.65689969752536, 4.985667220238158, -75.58959324861037, 5.053145747318066]"
41078,"[-75.08602167697707, 3.1193672204881704, -75.01887166503018, 3.186845747318064]"
70523,"[-75.57581958955961, 9.298467219654025, -75.5078719891242, 9.365945747318063]"
5425,"[-74.82089091162274, 6.519567220031627, -74.75340162160407, 6.587045747318065]"
68444,"[-73.04934598390842, 7.289067219927563, -72.98174631192937, 7.356545747318065]"
41359,"[-76.24928995959739, 1.8951672206516534, -76.18220357954156, 1.9626457473180647]"
76041,"[-76.02668850448818, 4.763167220268027, -75.95940449494294, 4.830645747318065]"
85430,"[-71.6947205475004, 5.375467220185776, -71.6273723012545, 5.442945747318066]"
41797,"[-75.76350245651071, 2.4509672205774686, -75.69639099922568, 2.5184457473180646]"
18756,"[-75.28737352299349, 0.6645672208157581, -75.22032016492626, 0.7320457473180646]"
19845,"[-76.49662233894331, 3.13986722048543, -76.42947099934328, 3.207345747318064]"
25662,"[-74.65419105945676, 4.814867220261088, -74.5869019277388, 4.882345747318066]"
76497,"[-76.00667790475588, 4.542367220297651, -75.93941514592309, 4.609845747318065]"
25645,"[-74.38577978751542, 4.582367220292286, -74.31851325400055, 4.649845747318064]"
68895,"[-73.30200893884839, 6.781267219996273, -73.23448351593044, 6.848745747318065]"
25599,"[-74.63217532913684, 4.487067220305066, -74.56491773412189, 4.554545747318065]"
44110,"[-72.95865758562482, 10.619267219472551, -72.89043344333325, 10.686745747318065]"
5138,"[-76.05950437300422, 6.715967220005099, -75.99198810156916, 6.783445747318065]"
5107,"[-75.58483017130882, 7.076867219956292, -75.51726219202922, 7.144345747318063]"
5667,"[-75.06177382601967, 6.261267220066486, -74.99431878233632, 6.328745747318065]"
68229,"[-73.10179437491294, 6.570667220024728, -73.03429814318048, 6.638145747318065]"
73563,"[-74.96164267841353, 3.715167220408477, -74.89445054979547, 3.782645747318064]"
70823,"[-75.47333130738636, 9.418167219637638, -75.40536022406941, 9.485645747318065]"
50270,"[-73.86884230723572, 3.7054672204097767, -73.80165092292008, 3.772945747318065]"
70221,"[-75.71392634473018, 9.367667219644552, -75.64596520671306, 9.435145747318064]"
13654,"[-75.15586946165497, 9.797367219585647, -75.0878219167925, 9.864845747318064]"
13212,"[-74.95063606006082, 9.46626721963105, -74.8826554522724, 9.533745747318065]"
54673,"[-72.65848955578913, 7.843467219852365, -72.590802556328, 7.910945747318064]"
17001,"[-75.51830211210331, 5.032367220231884, -75.45099082263533, 5.099845747318064]"
68147,"[-72.7314893617801, 6.496567220034732, -72.66400317822901, 6.5640457473180644]"
20614,"[-73.4210242773111, 8.257967219796017, -73.35326769044299, 8.325445747318065]"
5893,"[-73.94262255961337, 6.972367219970433, -73.87506983639456, 7.039845747318065]"
25320,"[-74.6317022835842, 5.03566722023144, -74.56439065034633, 5.103145747318065]"
13667,"[-74.07308218534372, 8.905167219707788, -74.00520954491765, 8.972645747318063]"
76403,"[-76.06997535691212, 4.487667220304987, -76.00271770621066, 4.555145747318065]"
27361,"[-76.72030721045161, 5.129567220218826, -76.65298570033033, 5.197045747318064]"
68266,"[-72.73369873070031, 6.6343672200161246, -72.66619376840292, 6.701845747318064]"
8634,"[-74.78967303575678, 10.756567219453597, -74.72141793241707, 10.824045747318062]"
44855,"[-73.04764727269992, 10.526567219485335, -72.97944379690688, 10.594045747318065]"
13810,"[-74.29774753979935, 8.524067219759779, -74.2299443320983, 8.591545747318065]"
8832,"[-75.01268258015278, 10.84046721944201, -74.94440835053695, 10.907945747318067]"
5895,"[-74.90295875674674, 7.455967219904945, -74.83533348490587, 7.523445747318064]"
70678,"[-75.06028109833905, 8.893467219709386, -74.99241063634722, 8.960945747318064]"
20045,"[-73.31145640667232, 9.66936721960321, -73.24343502400158, 9.736845747318062]"
15664,"[-73.58035635668071, 5.985467220103669, -73.51293632938145, 6.0529457473180655]"
8421,"[-75.17575260081772, 10.574567219478718, -75.10753844778047, 10.642045747318065]"
52678,"[-77.62598011578802, 1.3026672207306853, -77.5589135011413, 1.370145747318065]"
19513,"[-76.34742386634439, 3.186667220479174, -76.28026946339631, 3.2541457473180646]"
25851,"[-74.51470855361046, 5.1548672202154275, -74.44738435088365, 5.222345747318065]"
76670,"[-76.2613524037916, 3.9608672203755835, -76.19414077406368, 4.028345747318064]"
5368,"[-75.8194425110621, 5.75736722013439, -75.75205023731233, 5.824845747318063]"
50370,"[-74.38712453917817, 3.2070672204764468, -74.31996878681475, 3.274545747318065]"
19318,"[-77.89350440330028, 2.5266672205673597, -77.82638904029324, 2.594145747318065]"
54660,"[-72.84618118879486, 7.740167219866391, -72.77851095836493, 7.807645747318064]"
70713,"[-75.55955986705972, 9.703467219598531, -75.49153154975838, 9.770945747318065]"
50223,"[-73.87104437040517, 3.7590672204026014, -73.80384884895402, 3.826545747318064]"
76823,"[-76.11497957960039, 4.577967220292875, -76.04771346292613, 4.645445747318064]"
47703,"[-74.53311115151719, 9.211267219665954, -74.46518046124919, 9.278745747318064]"
50124,"[-72.82496473699786, 4.2520672203365715, -72.75772837857996, 4.319545747318065]"
19780,"[-76.72711547837902, 2.9204672205147544, -76.65997789900803, 2.9879457473180646]"
41026,"[-75.82129269176824, 2.0295672206337194, -75.75420082812997, 2.0970457473180644]"
5321,"[-75.19226979727091, 6.198767220074917, -75.12482282892148, 6.266245747318066]"
47551,"[-74.6493363093261, 10.427067219499053, -74.58115480356167, 10.494545747318066]"
25718,"[-74.46829691340496, 4.931267220245461, -74.4009960459147, 4.998745747318064]"
76243,"[-76.07579403423237, 4.8743672202531005, -76.00849893877071, 4.941845747318065]"
68209,"[-73.27447778456965, 6.322067220058287, -73.20701480630719, 6.389545747318065]"
66687,"[-75.99800255922985, 5.040967220230727, -75.930690373402, 5.108445747318064]"
18860,"[-75.73987827586036, 1.1595672207497667, -75.6728153581411, 1.2270457473180647]"
54670,"[-73.24163389705735, 8.369067219780892, -73.17385803097856, 8.436545747318062]"
5789,"[-75.74803507300011, 5.630967220151405, -75.68065770914427, 5.698445747318065]"
23672,"[-75.79422400575993, 9.343767219647825, -75.72626755511088, 9.411245747318066]"
85125,"[-71.79896483959111, 6.120967220085406, -71.73152780861793, 6.188445747318065]"
5670,"[-75.0533863455905, 6.451567220040808, -74.985906207636, 6.519045747318063]"
20750,"[-73.21482233444317, 10.298767219516725, -73.14666883371999, 10.366245747318066]"
50325,"[-72.16711362036334, 2.858167220523079, -72.0999797678374, 2.925645747318064]"
99624,"[-70.90920524762483, 5.092367220223824, -70.84188767236328, 5.159845747318065]"
25530,"[-73.24666870365854, 4.341567220324576, -73.17942439221078, 4.409045747318065]"
15816,"[-73.54695133489273, 5.903767220114676, -73.4795413736913, 5.971245747318065]"
25095,"[-74.57419234484628, 4.840667220257624, -74.50690063620982, 4.908145747318065]"
5642,"[-76.01115294995344, 5.930167220111118, -75.94373975137783, 5.997645747318065]"
5585,"[-74.61726672467827, 6.150667220081402, -74.5498259151503, 6.218145747318065]"
23464,"[-75.7114106413217, 9.205967219666679, -75.64348097350744, 9.273445747318066]"
70508,"[-75.26113861971758, 9.492067219627515, -75.19315288232445, 9.559545747318065]"
8560,"[-74.787156345716, 10.60816721947408, -74.71893468812597, 10.675645747318063]"
68549,"[-73.20618950978496, 6.498767220034436, -73.13870302957619, 6.566245747318065]"
27006,"[-77.31164342864894, 8.4776672197661, -77.24384846014274, 8.545145747318065]"
15667,"[-73.20198965252025, 4.7864672202649, -73.1347033414077, 4.853945747318065]"
41244,"[-75.97319165990872, 1.9798672206403518, -75.90610186717342, 2.0473457473180647]"
85325,"[-71.76502127012266, 5.388467220184028, -71.69767157529625, 5.455945747318064]"
41801,"[-75.60180927382055, 2.706867220543292, -75.53468414011017, 2.7743457473180646]"
15810,"[-72.72538202650124, 6.386567220049581, -72.65791054569479, 6.454045747318064]"
5591,"[-74.67334740762938, 5.83906722012339, -74.60594531862932, 5.906545747318063]"
20295,"[-73.77712678415237, 8.287067219792057, -73.7093651732404, 8.354545747318065]"
50577,"[-73.40962548299031, 3.235467220472649, -73.34246783776226, 3.302945747318064]"
25335,"[-73.84796167073605, 4.181567220346019, -73.78073146017827, 4.249045747318065]"
8606,"[-75.15823999926157, 10.46066721949442, -75.09005109905117, 10.528145747318064]"
50330,"[-74.07882938953185, 3.3504672204572707, -74.01166390972867, 3.4179457473180643]"
23079,"[-75.5155184207508, 8.18956721980532, -75.44777357124055, 8.257045747318063]"
23350,"[-75.3694038070758, 8.016267219828888, -75.30168824558918, 8.083745747318064]"
41206,"[-74.83542907200413, 3.341267220458501, -74.76826422899182, 3.4087457473180645]"
47030,"[-74.09400687679161, 10.154867219536523, -74.02588435265493, 10.222345747318062]"
13160,"[-73.94905003077761, 7.342367219920343, -73.88144224786086, 7.409845747318065]"
68855,"[-73.17728382846443, 6.4137672200459095, -73.10980873581116, 6.481245747318064]"
41885,"[-75.55180718179027, 2.63096722055343, -75.48468624476443, 2.698445747318064]"
73870,"[-75.15050024359932, 4.9962672202367315, -75.08319269995596, 5.063745747318064]"
68533,"[-73.20368176876951, 6.382667220050108, -73.1362108045601, 6.450145747318066]"
19450,"[-77.19878742673603, 1.7615672206694777, -77.13170613094398, 1.8290457473180641]"
13473,"[-73.90262285994709, 8.24146721979826, -73.83486911366873, 8.308945747318065]"
47707,"[-74.6045183457649, 9.285667219655775, -74.53657323793887, 9.353145747318063]"
70771,"[-74.75467041968948, 8.777667219725195, -74.68682135852981, 8.845145747318066]"
73152,"[-75.15360279349787, 5.045467220230124, -75.0862901380306, 5.112945747318064]"
13549,"[-74.49577996646002, 8.88126721971105, -74.42791177283506, 8.948745747318062]"
68051,"[-73.05120062436465, 6.661867220012407, -72.9836918664973, 6.729345747318064]"
17662,"[-75.02582073632377, 5.378867220185319, -74.95847211155919, 5.446345747318065]"
13655,"[-74.75382067522567, 8.215967219801732, -74.6860713074304, 8.283445747318064]"
5364,"[-75.853331232547, 5.564567220160341, -75.78596156712054, 5.632045747318064]"
25148,"[-74.52531696081198, 5.310467220194514, -74.45797590453701, 5.377945747318064]"
25123,"[-74.47018525889234, 4.696667220276951, -74.40290775614527, 4.764145747318066]"
5690,"[-75.19948537824841, 6.437067220042765, -75.13200717922227, 6.504545747318065]"
20550,"[-73.69915930808972, 8.655467219741862, -73.63133251555335, 8.722945747318064]"
23182,"[-75.43199822268649, 9.075967219684454, -75.36409344242549, 9.143445747318063]"
13683,"[-75.40263464417723, 10.411867219501147, -75.3344564752905, 10.479345747318064]"
54680,"[-72.7495886105423, 7.831867219853941, -72.68190350552845, 7.899345747318065]"
25398,"[-74.4272091183368, 5.165467220214003, -74.35988378351651, 5.232945747318064]"
68160,"[-73.0070045887417, 6.719067220004679, -72.9394878848953, 6.786545747318065]"
68524,"[-73.3219811614209, 6.373467220051348, -73.25451141458073, 6.440945747318063]"
25483,"[-74.86086971389665, 4.364067220321559, -74.79362337697602, 4.431545747318064]"
81220,"[-70.23757442251633, 6.270467220065245, -70.17011818320292, 6.337945747318065]"
19300,"[-76.42602105130835, 3.099867220490778, -76.35887229422515, 3.1673457473180644]"
25151,"[-73.98137005180664, 4.371567220320554, -73.91412303739669, 4.4390457473180644]"
13248,"[-75.03069062912142, 10.001267219557644, -74.96260066491014, 10.068745747318065]"
23670,"[-75.5425016052258, 9.111567219679587, -75.47459004617635, 9.179045747318064]"
52480,"[-77.39067949498046, 1.256167220736886, -77.32361412756954, 1.3236457473180645]"
76036,"[-76.19855976173862, 4.13706722035198, -76.13133337877099, 4.204545747318064]"
25491,"[-74.41170233037138, 5.036567220231319, -74.3443906033387, 5.104045747318064]"
5887,"[-75.45091947546126, 6.9295672199762235, -75.38337293381859, 6.997045747318066]"
5887,"[-75.62422433379808, 6.996867219967119, -75.55666805458418, 7.064345747318065]"
13188,"[-74.67861436407635, 9.244567219661398, -74.6106772357066, 9.312045747318065]"
85230,"[-71.37278815087075, 4.755967220268992, -71.30550485025726, 4.823445747318064]"
41530,"[-76.16408612334692, 1.6887672206791902, -76.09700744419092, 1.756245747318065]"
5059,"[-75.81946494724198, 6.122667220085175, -75.7520277004882, 6.190145747318063]"
15690,"[-73.29639162656756, 4.826267220259558, -73.22910135791798, 4.893745747318065]"
13030,"[-74.19746859005322, 8.757667219727923, -74.12962319563658, 8.825145747318064]"
70742,"[-75.17971112263004, 9.210967219665998, -75.11178049025311, 9.278445747318067]"
68745,"[-73.37118353644264, 6.409367220046504, -73.30370902911592, 6.476845747318065]"
5234,"[-76.29482221998579, 6.967667219971068, -76.22727017748265, 7.035145747318064]"
52405,"[-77.33879005793253, 1.9001672206509865, -77.27170348050123, 1.9676457473180646]"
17653,"[-75.52112044203392, 5.373567220186032, -75.45377240720802, 5.441045747318065]"
23678,"[-75.73326886422295, 8.760667219727514, -75.66542292034715, 8.828145747318066]"
68684,"[-72.7667980989639, 6.625167220017367, -72.69929440289062, 6.692645747318064]"
70717,"[-75.09702577654187, 9.36186721964535, -75.02906577719111, 9.429345747318067]"
73124,"[-75.46227172734814, 4.408567220315591, -75.39502135359244, 4.476045747318064]"
66594,"[-75.76301669769454, 5.3056672201951605, -75.6956761688742, 5.373145747318065]"
18256,"[-75.3598835589893, 1.5356672206996114, -75.29281002871535, 1.6031457473180644]"
18247,"[-75.31848538747785, 1.6462672206848592, -75.2514081857349, 1.7137457473180644]"
18150,"[-74.88018011171206, 1.302367220730725, -74.81311350525375, 1.3698457473180643]"
25823,"[-74.33671651694057, 5.302367220195604, -74.26937635046633, 5.369845747318065]"
13006,"[-74.58994855341653, 8.535467219758223, -74.52214331431877, 8.602945747318065]"
19137,"[-76.51631086377546, 2.763167220535771, -76.4491825406689, 2.830645747318065]"
68432,"[-72.76600085904447, 6.66526722001195, -72.69849163079674, 6.732745747318065]"
85300,"[-73.07359134284356, 4.8205672202603225, -73.00630164299757, 4.888045747318065]"
13873,"[-75.30713442526914, 10.40986721950142, -75.23895669506373, 10.477345747318065]"
25368,"[-74.728877296428, 4.5293672202993935, -74.66161575721743, 4.596845747318064]"
25506,"[-74.51105626834214, 4.05436722036306, -74.4438368898244, 4.121845747318065]"
5842,"[-76.20731484998538, 6.864867219984972, -76.13977757923769, 6.932345747318065]"
85400,"[-72.19584485174035, 5.7965672201291145, -72.1284478860511, 5.864045747318066]"
13074,"[-74.13968280848414, 8.911867219706878, -74.07180891924118, 8.979345747318067]"
70418,"[-75.30222427945961, 9.346567219647442, -75.23426728030778, 9.414045747318065]"
13300,"[-74.11078373944892, 8.921867219705511, -74.04290798448821, 8.989345747318065]"
13490,"[-74.07164472859377, 8.492367219764098, -74.00384715485393, 8.559845747318064]"
76054,"[-76.1552850506056, 4.692367220277528, -76.08800796543606, 4.759845747318064]"
15681,"[-74.10303430006454, 5.617667220153196, -74.03565848560172, 5.685145747318064]"
68385,"[-73.8450688748621, 6.18436722007686, -73.7776237554209, 6.2518457473180655]"
20310,"[-73.4149328081029, 8.356567219782594, -73.34715912442341, 8.424045747318063]"
19075,"[-77.24989221734187, 2.0068672206367486, -77.18280130584752, 2.074345747318064]"
19809,"[-77.69851015374398, 2.738167220539111, -77.63138325492567, 2.805645747318064]"
5501,"[-75.84559597002755, 6.594067220021567, -75.77809654110604, 6.661545747318064]"
27160,"[-76.63971843980856, 5.337367220190899, -76.5723744186903, 5.404845747318065]"
70702,"[-75.27751388094035, 9.239567219662085, -75.20957772079458, 9.307045747318066]"
25489,"[-74.41940524762481, 5.092367220223824, -74.35208767236328, 5.159845747318065]"
5858,"[-74.83310600398111, 6.739367220001937, -74.76558646351583, 6.806845747318065]"
13140,"[-74.9497137341407, 10.218967219527707, -74.88157746810025, 10.286445747318066]"
18479,"[-75.75788225979872, 1.4520672207107614, -75.69081133859521, 1.519545747318065]"
68296,"[-73.32149665346077, 6.604067220020217, -73.25399585469285, 6.6715457473180635]"
68464,"[-73.0039857515803, 6.4426672200420105, -72.9365068042521, 6.510145747318065]"
73043,"[-75.12828045988236, 4.596567220290381, -75.06101257836788, 4.664045747318065]"
19256,"[-76.84380163371571, 2.4182672205818347, -76.77669182720786, 2.4857457473180644]"
19142,"[-76.44141797535072, 3.0021672205038366, -76.37427538766154, 3.0696457473180643]"
97001,"[-70.26847898369638, 1.2165672207421663, -70.20141464358473, 1.2840457473180646]"
5142,"[-74.7903811614209, 6.3734672200513485, -74.72291141458072, 6.440945747318064]"
15518,"[-72.73671417203143, 5.2593672202013835, -72.66937870626305, 5.326845747318064]"
5792,"[-75.8561469371324, 5.831267220124439, -75.78874579124749, 5.898745747318064]"
5209,"[-75.94115799433976, 6.011867220100112, -75.87373468439633, 6.079345747318066]"
20032,"[-74.0100357529942, 9.463167219631476, -73.94205576057395, 9.530645747318063]"
5318,"[-75.47557280367664, 6.245467220068618, -75.40811980920101, 6.312945747318065]"
70473,"[-75.3406197257079, 9.299867219653832, -75.2726718524265, 9.367345747318065]"
66456,"[-75.91641442739792, 5.26406722020075, -75.84907844970954, 5.331545747318063]"
25592,"[-74.51280481164642, 5.084067220224939, -74.44548811038936, 5.151545747318066]"
52001,"[-77.31457852414705, 1.17986722074706, -77.24751510747315, 1.2473457473180645]"
25649,"[-74.4566600948705, 4.144867220350935, -74.38943304396199, 4.212345747318065]"
5040,"[-75.18062746303596, 7.039867219961301, -75.11306491191247, 7.107345747318065]"
68320,"[-73.45197068971696, 6.212667220073041, -73.38452193252016, 6.280145747318064]"
52356,"[-77.6740745342157, 0.7951672207983488, -77.60701914025157, 0.8626457473180645]"
70124,"[-75.14996840732744, 8.755667219728197, -75.08212337910864, 8.823145747318064]"
68318,"[-72.88961325889736, 6.842467219988, -72.8220791771968, 6.909945747318065]"
25438,"[-73.38297479288077, 4.475467220306622, -73.31571827300377, 4.542945747318064]"
41378,"[-76.01349560422852, 2.1637672206158083, -75.94639789586786, 2.231245747318064]"
17873,"[-75.54890104937935, 5.011867220234638, -75.48159189037133, 5.079345747318065]"
68861,"[-73.7072559793211, 5.979367220104491, -73.63983670843045, 6.046845747318065]"
5847,"[-76.1678751628873, 6.281867220063708, -76.10041743956066, 6.349345747318064]"
5873,"[-76.93339335543882, 6.555667220026754, -76.86589916710615, 6.623145747318065]"
19807,"[-76.71539920465582, 2.3190672205950777, -76.64829427178915, 2.3865457473180642]"
8549,"[-75.14156851298237, 10.71656721945912, -75.07332247297128, 10.784045747318064]"
19130,"[-76.60660606557444, 2.5895672205589593, -76.53948736778628, 2.6570457473180644]"
5125,"[-76.01898114163103, 6.373167220051388, -75.95151143445767, 6.440645747318065]"
13440,"[-74.32200234818218, 9.119367219678523, -74.25408930021007, 9.186845747318062]"
17013,"[-75.49003185982394, 5.575467220158876, -75.42266093697728, 5.642945747318066]"
68162,"[-72.72771091748722, 6.809367219992476, -72.66018152872854, 6.876845747318065]"
25518,"[-74.18531841224915, 5.336867220190965, -74.11797444637729, 5.4043457473180645]"
20787,"[-73.84777478241203, 8.825167219718711, -73.77991697800799, 8.892645747318067]"
15832,"[-73.96583891241451, 5.696567220142577, -73.89845385227125, 5.764045747318065]"
5031,"[-75.1104156047597, 6.875467219983538, -75.04287682120592, 6.942945747318064]"
52473,"[-78.48520304435313, 2.4740672205743834, -78.4180904076978, 2.541545747318065]"
52540,"[-77.4937845171954, 1.5945672206917556, -77.42670906284128, 1.6620457473180648]"
52250,"[-78.1446022744045, 2.4437672205784295, -78.07749118247703, 2.511245747318065]"
70204,"[-75.38643548563455, 9.460467219631843, -75.31845602900891, 9.527945747318064]"
13600,"[-73.87385028156436, 8.55486721975558, -73.80604157907715, 8.622345747318066]"
18410,"[-75.4695821602712, 1.4454672207116412, -75.40251143895692, 1.5129457473180647]"
19397,"[-76.81129139824922, 1.9670672206420594, -76.74420213066998, 2.0345457473180644]"
68298,"[-73.37755187854835, 5.912667220113476, -73.31014082759329, 5.980145747318063]"
70233,"[-75.22889751182778, 9.068467219685482, -75.16099415616675, 9.135945747318067]"
47745,"[-74.75437139419353, 10.7420672194556, -74.68611958043229, 10.809545747318065]"
47798,"[-74.89287644950002, 9.865167219576339, -74.82481490104449, 9.932645747318062]"
52399,"[-77.16318413880568, 1.5715672206948232, -77.09610944423872, 1.6390457473180648]"
54051,"[-72.8320707340625, 7.609067219884182, -72.76442145703531, 7.676545747318066]"
52687,"[-77.25128253502837, 1.4701672207083472, -77.18421106107057, 1.5376457473180642]"
8436,"[-74.99323491787462, 10.4143672195008, -74.92505620051145, 10.481845747318063]"
68498,"[-73.15617673255318, 6.305967220060458, -73.08871586296449, 6.3734457473180655]"
13780,"[-74.60171673537549, 9.269067219658046, -74.53377485482982, 9.336545747318064]"
5002,"[-75.46054248131033, 5.756867220134459, -75.39315026719876, 5.824345747318066]"
68101,"[-73.80425451072847, 5.955567220107697, -73.73683818360239, 6.023045747318065]"
15104,"[-73.39552305639226, 5.420467220179723, -73.32816978079089, 5.487945747318063]"
19100,"[-77.0023882519985, 1.8061672206635282, -76.93530529955679, 1.8736457473180648]"
41503,"[-76.02879185519242, 1.9893672206390838, -75.96170167052274, 2.0568457473180644]"
41676,"[-75.62041498540799, 2.9040672205169464, -75.55327839483807, 2.9715457473180655]"
68673,"[-73.5425630708809, 6.09296722008918, -73.47512958520142, 6.160445747318063]"
27413,"[-76.57502553559486, 5.464567220173793, -76.50766729018159, 5.5320457473180635]"
47170,"[-74.6553897271002, 9.992667219558829, -74.58730157052216, 10.060145747318066]"
5440,"[-75.37256608893506, 6.14066722008275, -75.30512655371857, 6.208145747318064]"
54239,"[-72.69017638127075, 7.680167219874535, -72.62251578607226, 7.747645747318065]"
27205,"[-76.68360344534706, 5.057967220228445, -76.61628948311281, 5.125445747318065]"
17495,"[-74.92252985003542, 5.540467220163583, -74.85516295595534, 5.607945747318065]"
5237,"[-75.42898637898661, 6.45206722004074, -75.36150617409345, 6.519545747318065]"
17088,"[-75.84549837328181, 4.95986722024162, -75.77819457911897, 5.027345747318064]"
13894,"[-74.84966090460604, 9.713667219597134, -74.7816305080594, 9.781145747318062]"
73873,"[-74.63495004382501, 3.9026672203833765, -74.56774314613897, 3.9701457473180644]"
15106,"[-73.95583663026181, 5.657667220147812, -73.88845614479429, 5.725145747318065]"
68176,"[-73.40587700672957, 6.31016722005989, -73.33841558757833, 6.3776457473180646]"
68368,"[-73.81464767331885, 5.843467220122797, -73.74724505174237, 5.910945747318063]"
13650,"[-74.35700797020539, 9.178167219670481, -74.2890836554272, 9.245645747318065]"
68377,"[-73.9992464853319, 5.82376722012545, -73.93184624508565, 5.891245747318064]"
70110,"[-75.00561837489592, 9.285967219655735, -74.93767320869024, 9.353445747318062]"
27787,"[-76.59361255825256, 5.229567220205389, -76.5262803275507, 5.297045747318065]"
19622,"[-76.77349702352542, 2.226267220607466, -76.70639646714754, 2.2937457473180642]"
52254,"[-77.47318177843431, 1.4198672207150562, -77.40611182401602, 1.4873457473180647]"
27800,"[-77.12380339022307, 8.011267219829568, -77.05608866417681, 8.078745747318067]"
76246,"[-76.25608673690148, 4.727067220272871, -76.18880627102013, 4.794545747318064]"
68573,"[-74.09059758462175, 6.617667220018378, -74.02309491947354, 6.685145747318063]"
52256,"[-77.36818648666838, 1.709367220676442, -77.30110707809759, 1.7768457473180648]"
41660,"[-76.07879124571163, 1.959567220643061, -76.0117022842815, 2.027045747318065]"
68502,"[-72.85117702632068, 6.310467220059849, -72.78371556790074, 6.377945747318064]"
5576,"[-75.87424248131032, 5.756867220134461, -75.80685026719874, 5.824345747318065]"
17541,"[-75.19481915174235, 5.350267220189165, -75.12747370346284, 5.417745747318065]"
5628,"[-75.85081132692804, 6.815167219991692, -75.78328111751686, 6.8826457473180644]"
5686,"[-75.4942972968492, 6.613467220018947, -75.42679520850005, 6.680945747318065]"
66572,"[-76.06391036913693, 5.1888672202108586, -75.99658252687325, 5.256345747318064]"
8141,"[-74.9146361339268, 10.42546721949927, -74.84645497965401, 10.492945747318064]"
68092,"[-73.31731494960451, 6.866267219984782, -73.2497774791886, 6.933745747318065]"
81591,"[-71.1339728553778, 6.24626722006851, -71.0665197572711, 6.313745747318065]"
70230,"[-75.34644041978409, 9.510167219625036, -75.27845107502395, 9.577645747318066]"
5313,"[-75.21896417536085, 6.1104672200868215, -75.1515284758038, 6.1779457473180655]"
23300,"[-75.82719153649899, 9.00516721969413, -75.75930015574461, 9.072645747318065]"
15377,"[-72.61112922674138, 5.529567220165048, -72.54376358210273, 5.597045747318064]"
68169,"[-73.00234280121876, 7.246867219933279, -72.93474950816673, 7.314345747318065]"
73024,"[-74.96692965249393, 3.358067220456255, -74.89976364533084, 3.4255457473180653]"
5310,"[-75.25179966620651, 6.647967220014285, -75.18429282882428, 6.715445747318065]"
17867,"[-74.94461544570947, 5.282767220198236, -74.87727742666786, 5.350245747318063]"
25175,"[-74.08639179098297, 4.829567220259114, -74.01910119271727, 4.897045747318064]"
76250,"[-76.27047477903058, 4.4751672203066635, -76.20321828692185, 4.5426457473180655]"
54518,"[-72.68205003077762, 7.342367219920343, -72.6144422478609, 7.409845747318065]"
5036,"[-75.74366212674084, 6.077967220091202, -75.6762305335483, 6.145445747318065]"
8770,"[-74.91422244266269, 10.299767219516587, -74.84606872507192, 10.367245747318066]"
5756,"[-75.3442376843049, 5.675667220145391, -75.27685508595894, 5.743145747318065]"
5819,"[-75.72902306587504, 6.979367219969486, -75.66146932795623, 7.0468457473180655]"
8675,"[-74.99292149071003, 10.290967219517794, -74.92476968079421, 10.358445747318063]"
5021,"[-75.17477918712055, 6.343467220055397, -75.10731339757405, 6.410945747318064]"
25328,"[-74.50049248476155, 4.843467220257249, -74.43320049562689, 4.910945747318064]"
91540,"[-70.41664383228147, -3.8040327785879087, -70.34944998382853, -3.736554252681935]"
19473,"[-76.66740982646645, 2.7265672205406606, -76.60028358415674, 2.794045747318064]"
54418,"[-72.86629503532274, 7.9103672198432795, -72.79859705390109, 7.977845747318065]"
5400,"[-75.39475349607, 5.939067220109921, -75.32733920281085, 6.006545747318066]"
73461,"[-75.20509231986996, 4.84016722025769, -75.13780066130532, 4.907645747318063]"
5086,"[-75.69949441574124, 6.571267220024647, -75.63199810217397, 6.638745747318064]"
13042,"[-73.97713884010086, 8.425567219773198, -73.90935306756974, 8.493045747318067]"
27491,"[-76.63969646084125, 4.922367220246657, -76.57239650062586, 4.989845747318065]"
27660,"[-76.26779347146645, 4.863167220254603, -76.20049950421725, 4.930645747318063]"
25899,"[-74.03499997041638, 4.990967220237444, -73.96769297442961, 5.058445747318064]"
5541,"[-75.27696893884792, 6.185367220076722, -75.20952369115125, 6.252845747318064]"
13222,"[-75.35984807028797, 10.533767219484341, -75.29164299617292, 10.601245747318066]"
47545,"[-74.49221951177017, 9.297667219654134, -74.42427206722755, 9.365145747318063]"
68152,"[-72.65949597002754, 6.594067220021567, -72.59199654110603, 6.661545747318065]"
27495,"[-77.30393753770754, 5.673167220145726, -77.23655523322256, 5.740645747318066]"
68245,"[-73.53037061901779, 6.211567220073189, -73.46292200353255, 6.279045747318063]"
5376,"[-75.46515707535848, 5.997067220102107, -75.39773560748759, 6.064545747318065]"
68773,"[-73.82475016488752, 5.884567220117261, -73.75734254895637, 5.952045747318064]"
25269,"[-74.38888938101762, 4.780967220265639, -74.32160361421099, 4.848445747318065]"
68121,"[-73.28019358631181, 6.559067220026293, -73.21269893522481, 6.626545747318065]"
19355,"[-76.09710414016273, 2.5165672205687084, -76.02998930506176, 2.584045747318065]"
5885,"[-74.87479932204366, 6.642967220014962, -74.80729317448508, 6.710445747318064]"
25594,"[-73.89636669889317, 4.296567220330607, -73.82912640691883, 4.364045747318063]"
85279,"[-72.79361067468227, 5.194567220210092, -72.72628221990182, 5.262045747318064]"
68820,"[-73.00013691621625, 7.1681672199439355, -72.9325554182702, 7.235645747318067]"
5315,"[-75.27430890371684, 6.780767219996341, -75.20678355121416, 6.848245747318064]"
5055,"[-75.17553900662064, 5.698167220142363, -75.10815375763752, 5.765645747318065]"
73347,"[-75.20920286642418, 5.046867220229935, -75.14189006476086, 5.114345747318064]"
76377,"[-76.60333893937698, 3.616267220421713, -76.5361543085352, 3.683745747318065]"
27245,"[-76.17674895023649, 5.864567220119957, -76.10934376907312, 5.932045747318066]"
23168,"[-75.6628019480466, 9.115167219679096, -75.59488970196661, 9.182645747318062]"
25183,"[-73.71610633278786, 5.112967220221057, -73.64878658210795, 5.180445747318065]"
52378,"[-77.00408407517982, 1.5676672206953437, -76.93700950837288, 1.6351457473180646]"
5004,"[-76.0975962364411, 6.597967220021042, -76.03009627353069, 6.665445747318065]"
5134,"[-75.32952061894683, 6.945467219974073, -75.26197178540994, 7.012945747318065]"
13580,"[-73.85605725274702, 8.632667219744972, -73.78823457931273, 8.700145747318063]"
54109,"[-72.9013030652638, 8.007367219830098, -72.83358899048874, 8.074845747318065]"
68344,"[-73.34119014274349, 6.508167220033166, -73.27370239384724, 6.575645747318065]"
25430,"[-74.29748526858478, 4.696867220276924, -74.23020774640612, 4.764345747318064]"
25580,"[-74.74828292072566, 4.648167220283459, -74.68101010560069, 4.7156457473180655]"
52612,"[-78.02677848965054, 1.1770672207474333, -77.9597151422989, 1.2445457473180648]"
15322,"[-73.50669899861242, 4.972067220239983, -73.43939395082863, 5.039545747318064]"
19743,"[-76.41240573200561, 2.577067220560629, -76.34528770339902, 2.6445457473180647]"
54128,"[-73.082378531894, 7.707067219870886, -73.01471362641568, 7.774545747318063]"
47570,"[-74.31739636766468, 10.96046721942542, -74.24909450896236, 11.027945747318064]"
17388,"[-75.580520003919, 5.365667220187094, -75.51317284734685, 5.433145747318065]"
68705,"[-72.94042141881448, 6.956567219972571, -72.87287098210025, 7.024045747318066]"
18460,"[-75.53987948580361, 1.2554672207369793, -75.47281413683045, 1.3229457473180644]"
18610,"[-76.00628001011167, 1.2948672207317253, -75.9392136077654, 1.3623457473180645]"
70235,"[-75.08280287245897, 9.124867219677771, -75.0148887738096, 9.192345747318065]"
66318,"[-75.83191544025426, 5.282667220198252, -75.76457743214837, 5.350145747318065]"
54520,"[-72.67155466857817, 7.40296721991213, -72.60393759038583, 7.470445747318064]"
54599,"[-72.50846561849517, 7.544067219892999, -72.44082659416561, 7.611545747318064]"
68013,"[-73.5553653337682, 6.128767220084353, -73.48792731224282, 6.1962457473180645]"
13673,"[-75.32185211134248, 10.570167219479321, -75.253638939185, 10.637645747318063]"
68780,"[-73.01794933010122, 7.333167219921587, -72.95034295151304, 7.400645747318064]"
25099,"[-74.3757854140209, 4.699867220276521, -74.30850760026912, 4.767345747318064]"
13433,"[-75.22511153614174, 10.198467219530528, -75.15697967481613, 10.265945747318067]"
25086,"[-74.77538874053194, 4.767967220267383, -74.70810425776698, 4.835445747318064]"
41483,"[-75.84210397396312, 2.510167220569563, -75.77498947229316, 2.5776457473180647]"
44420,"[-73.10544171669761, 10.47626721949227, -73.03724937483412, 10.543745747318065]"
68522,"[-73.32428990022389, 6.504567220033652, -73.25680263742822, 6.5720457473180645]"
52260,"[-77.42568111200153, 1.3740672207211637, -77.35861249616025, 1.4415457473180646]"
25178,"[-74.07777173644362, 4.408767220315565, -74.01052134445219, 4.476245747318063]"
5607,"[-75.5375588719915, 6.02596722009821, -75.4701338028221, 6.093445747318064]"
52385,"[-77.61348207617247, 1.4398672207123886, -77.54641152376233, 1.507345747318065]"
15135,"[-73.13690030033425, 4.997367220236585, -73.06959264295303, 5.064845747318064]"
68322,"[-73.35557496142316, 6.278767220064125, -73.28811764191478, 6.346245747318064]"
15673,"[-72.58868085148855, 6.368767220051983, -72.52121172587701, 6.436245747318064]"
15299,"[-73.3975029497935, 5.048467220229722, -73.33018998099897, 5.115945747318064]"
52233,"[-77.61178484223744, 1.6140672206891542, -77.54470873523564, 1.6815457473180644]"
13062,"[-75.05341338000325, 10.21566721952816, -74.98527782364195, 10.283145747318065]"
13647,"[-75.18542942439001, 10.36406721950773, -75.11726171571495, 10.431545747318065]"
52390,"[-78.22320032094908, 2.365167220588923, -78.156093148323, 2.4326457473180643]"
68327,"[-73.6061566786722, 5.990667220102968, -73.53873600594882, 6.058145747318064]"
15090,"[-73.16031058888102, 5.192967220210307, -73.09298230610348, 5.260445747318063]"
52215,"[-77.5512747424319, 0.8195672207950959, -77.48421892946058, 0.8870457473180643]"
52240,"[-77.3168804476089, 1.3268672207274579, -77.24981316636739, 1.3943457473180647]"
15407,"[-73.55923323957195, 5.599367220155658, -73.49185955093037, 5.666845747318065]"
68271,"[-74.00504320800013, 5.7690672201328175, -73.93764953722108, 5.836545747318064]"
15380,"[-73.47720364905658, 5.061867220227921, -73.40988927844487, 5.129345747318063]"
13620,"[-75.09712884718412, 10.35876721950846, -75.02896229520395, 10.426245747318063]"
25312,"[-74.38497522732604, 4.484867220305362, -74.31771783643104, 4.552345747318065]"
19821,"[-76.30191549646689, 2.921067220514675, -76.23477788081539, 2.9885457473180654]"
17486,"[-75.55250737467033, 5.13266722021841, -75.4851855353423, 5.200145747318065]"
47258,"[-74.857130089106, 10.370167219506891, -74.78896104836998, 10.437645747318065]"
5150,"[-75.3154026160995, 6.6906672200085175, -75.24788986610378, 6.758145747318063]"
54313,"[-72.83049044530563, 7.854367219850885, -72.76280166309218, 7.921845747318063]"
25120,"[-74.51635205286725, 3.9522672203767346, -74.44914112678438, 4.019745747318065]"
68867,"[-72.9043449938935, 7.275967219929335, -72.83674730615644, 7.343445747318064]"
19364,"[-76.3574102810766, 2.742667220538509, -76.29028312683401, 2.8101457473180647]"
5475,"[-76.78682103673307, 6.951267219973286, -76.71927136582568, 7.018745747318064]"
95200,"[-71.9845801198649, 1.3029672207306453, -71.91751349702793, 1.3704457473180647]"
52560,"[-77.60627436151528, 0.7743672208011217, -77.53921931513158, 0.8418457473180645]"
25871,"[-74.22831309875814, 5.239567220204044, -74.16097978452872, 5.307045747318066]"
5306,"[-75.98649959046804, 6.646867220014435, -75.91899290489235, 6.714345747318065]"
54871,"[-73.0056926213832, 7.880967219847273, -72.93799947792063, 7.948445747318065]"
25754,"[-74.24797799850016, 4.544367220297382, -74.18071505172193, 4.611845747318065]"
54174,"[-72.69813217150504, 7.104067219952612, -72.63056018326768, 7.171545747318065]"
47205,"[-74.86621431389764, 10.224367219526965, -74.79807688604457, 10.291845747318066]"
68425,"[-72.62648777729756, 6.47296722003792, -72.559004769652, 6.540445747318065]"
25297,"[-73.66968946490309, 4.7826672202654095, -73.6024035299236, 4.850145747318066]"
52573,"[-77.53737501214007, 0.8501672207910168, -77.47031865649612, 0.9176457473180647]"
25286,"[-74.2429846346073, 4.68376722027868, -74.1757083834406, 4.751245747318063]"
52683,"[-77.50457942692911, 1.2509672207375793, -77.43751419624508, 1.3184457473180646]"
68250,"[-73.84925852939715, 6.020467220098952, -73.78183414694732, 6.087945747318066]"
25279,"[-73.92717366484985, 4.450967220309908, -73.85991940656587, 4.518445747318065]"
73686,"[-75.13108446069619, 4.680167220279165, -75.06380855819076, 4.7476457473180655]"
25535,"[-74.33436569113933, 4.273767220333663, -74.26712741968451, 4.341245747318065]"
5652,"[-75.13535296834834, 5.930467220111079, -75.06793973290034, 5.997945747318064]"
15897,"[-73.20391367283098, 5.25016722020262, -73.1365792077848, 5.317645747318065]"
47720,"[-74.73562967302905, 9.401567219639912, -74.6676618650069, 9.469045747318065]"
66045,"[-75.97690415640453, 5.071567220226618, -75.90958876871078, 5.139045747318065]"
13760,"[-75.17072866210843, 10.357067219508695, -75.10256248101172, 10.424545747318067]"
13838,"[-75.47791589375592, 10.239067219524943, -75.40977529992334, 10.306545747318067]"
5038,"[-75.36841389043579, 6.851367219986796, -75.30087854293042, 6.918845747318064]"
68020,"[-73.94694060038493, 5.725167220138727, -73.87955215664365, 5.792645747318065]"
5145,"[-75.67782827988711, 5.512967220167285, -75.61046453329483, 5.580445747318066]"
52207,"[-77.49927845646182, 1.1743672207477933, -77.43221517580486, 1.2418457473180646]"
97666,"[-69.66707271165869, -0.5973327790160466, -69.60002107776943, -0.5298542526819354]"
5044,"[-75.88787438358725, 6.269867220065328, -75.82041822230403, 6.337345747318066]"
85015,"[-72.90330994622103, 5.180967220211919, -72.83598295176391, 5.248445747318064]"
68207,"[-72.73170585737532, 6.73726722000222, -72.66418661075745, 6.804745747318064]"
52565,"[-77.63097883947606, 1.2051672207436863, -77.5639147891576, 1.2726457473180646]"
52411,"[-77.55658030564848, 1.3165672207288317, -77.48951330958702, 1.3840457473180647]"
52838,"[-77.65237704660368, 1.053467220763913, -77.58531659962549, 1.1209457473180646]"
86755,"[-76.9131780520587, 1.1409672207522468, -76.84611558411284, 1.2084457473180645]"
52381,"[-77.44037962398141, 1.2659672207355794, -77.37331399738986, 1.3334457473180645]"
5615,"[-75.40736486491801, 6.121367220085351, -75.33992778317837, 6.188845747318064]"
52352,"[-77.55427582819063, 0.9368672207794583, -77.48721783105408, 1.0043457473180644]"
15172,"[-73.4025074011666, 5.1331672202183425, -73.33518550872192, 5.200645747318063]"
5483,"[-75.21023184254283, 5.575167220158915, -75.14286095433734, 5.642645747318064]"
68179,"[-73.67145897794845, 6.027667220097982, -73.60403369639177, 6.095145747318065]"
5264,"[-75.54789172244821, 6.531567220030007, -75.4804008072328, 6.599045747318065]"
52227,"[-77.8242752294387, 0.8740672207878305, -77.757218436633, 0.9415457473180645]"
5206,"[-75.29198035739685, 6.361267220052993, -75.22451222214364, 6.428745747318064]"
15162,"[-72.98055249038705, 5.922667220112131, -72.91314021300705, 5.990145747318065]"
25839,"[-73.56828591406195, 4.71016722027514, -73.50100709781941, 4.777645747318064]"
25841,"[-73.96797359139869, 4.449367220310123, -73.90071948037752, 4.516845747318066]"
25486,"[-73.91170214327325, 5.032967220231804, -73.84439079131852, 5.100445747318065]"
25653,"[-74.05921630346847, 5.298467220196128, -73.99187656492843, 5.365945747318064]"
25740,"[-74.2929739451255, 4.4570672203090895, -74.22571912491495, 4.524545747318064]"
17665,"[-75.82360335660013, 5.056267220228674, -75.7562895722774, 5.123745747318065]"
47161,"[-74.90212152314888, 10.291267219517755, -74.83396964822691, 10.358745747318066]"
25758,"[-73.97389403423237, 4.8743672202531005, -73.9065989387707, 4.941845747318065]"
15403,"[-72.59367519539097, 6.282367220063639, -72.52621740691337, 6.3498457473180645]"
68468,"[-72.84289910879511, 6.639867220015381, -72.77539338866195, 6.707345747318065]"
50686,"[-73.71407257956574, 4.427267220313086, -73.64682049718141, 4.494745747318065]"
68682,"[-72.90118252258887, 6.39406722004857, -72.83371004742574, 6.461545747318066]"
25772,"[-73.83170396799626, 5.067967220227103, -73.76438895800499, 5.135445747318064]"
25777,"[-74.27030185249951, 5.027367220232555, -74.20299108346289, 5.094845747318065]"
18785,"[-75.65317493981709, 0.8420672207920965, -75.586118729684, 0.9095457473180646]"
25785,"[-74.13189442188951, 4.882067220252067, -74.0645985492682, 4.949545747318066]"
19290,"[-77.10568542511693, 1.6484672206845652, -77.0386081478035, 1.7159457473180644]"
25799,"[-74.17749211017146, 4.835967220258255, -74.11020087200475, 4.903445747318065]"
27745,"[-76.67748147711534, 4.61796722028751, -76.61021155620054, 4.685445747318064]"
15514,"[-73.08530382154967, 5.0651672202274804, -73.01798910514034, 5.132645747318066]"
15516,"[-73.15114185118793, 5.746267220135887, -73.08375090017375, 5.813745747318066]"
50245,"[-73.74686764965854, 4.317967220327738, -73.67962545143361, 4.385445747318064]"
15533,"[-72.45753278862189, 5.5915672201567075, -72.39016000393828, 5.659045747318066]"
68370,"[-73.13060317785168, 6.698767220007422, -73.06308930191122, 6.766245747318066]"
25898,"[-74.41328669788369, 4.72626722027298, -74.34600631022558, 4.793745747318065]"
19701,"[-76.60628574185299, 1.6668672206821111, -76.53920782861645, 1.7343457473180643]"
73236,"[-74.93103486648135, 3.505367220436552, -74.8638584031392, 3.5728457473180644]"
15660,"[-73.11051036377951, 5.188767220210873, -73.04318253225567, 5.256245747318065]"
19824,"[-76.43540310830025, 2.4765672205740494, -76.36829034335075, 2.5440457473180644]"
47541,"[-74.94960687679163, 10.154867219536523, -74.88148435265494, 10.222345747318062]"
25126,"[-74.05859446724028, 4.882967220251946, -73.99129850370161, 4.950445747318065]"
47675,"[-74.82793954833163, 10.456567219494985, -74.75975155176178, 10.524045747318064]"
15218,"[-72.77258734861816, 6.466567220038784, -72.70510520021026, 6.534045747318065]"
25324,"[-74.82417514868837, 4.48316722030559, -74.75691791545367, 4.550645747318064]"
25322,"[-73.91079191561536, 4.83206722025878, -73.84350106748971, 4.899545747318066]"
25260,"[-74.29639122348169, 4.818167220260643, -74.22910176292984, 4.885645747318064]"
25281,"[-73.97276705376512, 4.3045672203295355, -73.90552605028425, 4.372045747318066]"
25288,"[-73.82942031441434, 5.371267220186341, -73.76207253541706, 5.438745747318065]"
17050,"[-75.52441299598195, 5.2376672202043, -75.45707988778327, 5.305145747318065]"
25214,"[-74.1315891196848, 4.775667220266349, -74.06430387679623, 4.843145747318064]"
25372,"[-73.69688818031833, 4.756567220268913, -73.62960482066835, 4.824045747318064]"
25317,"[-73.7192192401651, 5.351867220188948, -73.65187361463116, 5.419345747318065]"
47605,"[-74.75016309791776, 10.668467219465759, -74.68192790933837, 10.735945747318063]"
25426,"[-73.641102845586, 5.046467220229989, -73.57379008569715, 5.1139457473180645]"
25019,"[-74.47189253975054, 4.844567220257102, -74.40460044037555, 4.912045747318064]"
15837,"[-73.2611365308883, 5.655967220148042, -73.19375624461986, 5.723445747318066]"
15835,"[-73.52331583329519, 5.2898672201972845, -73.45597703728312, 5.357345747318065]"
86749,"[-76.95267839764342, 1.1695672207484333, -76.88561523518669, 1.2370457473180647]"
19693,"[-76.80518827448375, 1.8073672206633675, -76.73810527690583, 1.8748457473180642]"
15839,"[-72.8897571311769, 5.997967220101983, -72.82233555141943, 6.065445747318064]"
54223,"[-72.80626268767499, 7.506567219898084, -72.73862953735916, 7.5740457473180625]"
15842,"[-73.49081026200822, 5.186867220211127, -73.42348263450212, 5.254345747318063]"
54347,"[-72.51656002781829, 7.47236721990272, -72.44893220845783, 7.539845747318065]"
19392,"[-76.79769515849637, 2.143767220618478, -76.73059834458849, 2.2112457473180647]"
15861,"[-73.55551818085287, 5.3326672201915315, -73.4881746788446, 5.400145747318065]"
73622,"[-75.63885306690831, 3.9770672203734128, -75.57164010755646, 4.044545747318064]"
19022,"[-76.88958965053851, 1.8793672206537615, -76.8225038908236, 1.9468457473180643]"
68686,"[-72.6795924331649, 6.5420672200285885, -72.6121000934095, 6.609545747318064]"
86760,"[-77.03457772414218, 1.1131672207559535, -76.9675159152518, 1.1806457473180647]"
15879,"[-73.329722061462, 5.402667220182119, -73.26237078030655, 5.470145747318067]"
54125,"[-72.67544183958962, 7.234067219935013, -72.60785047389294, 7.301545747318065]"
17433,"[-75.1905119433463, 5.218167220206922, -75.12318094532152, 5.285645747318066]"
17446,"[-75.29391368909536, 5.25046722020258, -75.22657919144478, 5.317945747318065]"
17513,"[-75.49252709185318, 5.492067220170094, -75.42516572677702, 5.559545747318064]"
15176,"[-73.8500323383072, 5.583767220157757, -73.78266045630873, 5.651245747318065]"
27372,"[-77.80513023002624, 7.0776672199561865, -77.73756213306022, 7.145145747318065]"
25154,"[-73.93501729553675, 5.316567220193694, -73.86767556826098, 5.384045747318066]"
25407,"[-73.74531492248494, 5.273167220199528, -73.67797795232217, 5.3406457473180655]"
25377,"[-74.00358474095246, 4.685967220278387, -73.93630827658244, 4.753445747318065]"
25339,"[-74.03666335626352, 4.220467220340805, -73.96942976620903, 4.287945747318064]"
97161,"[-71.33347625828534, 0.979567220773766, -71.26641739624425, 1.047045747318065]"
25326,"[-73.86799536084814, 4.900667220249568, -73.80069760584375, 4.968145747318064]"
25168,"[-74.6271960801062, 4.914867220247663, -74.5598968831685, 4.982345747318064]"
25473,"[-74.26638416632026, 4.674067220279982, -74.19910885398747, 4.741545747318064]"
25181,"[-73.96687590855875, 4.4995672203033905, -73.8996171518654, 4.567045747318064]"
25200,"[-74.01300189401866, 5.028167220232448, -73.945691041748, 5.0956457473180645]"
25224,"[-73.79971184099345, 5.216267220207176, -73.73238104815135, 5.283745747318065]"
25293,"[-73.55358345850767, 4.659367220281955, -73.48630956521879, 4.726845747318064]"
25295,"[-73.90669822998152, 4.957067220241997, -73.83939472309784, 5.024545747318064]"
25436,"[-73.5738991166759, 4.974367220239674, -73.50659383220662, 5.041845747318064]"
54743,"[-72.79013716166284, 7.171467219943487, -72.7225551717754, 7.238945747318065]"
54480,"[-72.78064432232739, 7.2670672199305395, -72.71304798058087, 7.334545747318062]"
25873,"[-73.63031000506912, 5.182067220211773, -73.56298289264097, 5.249545747318066]"
25845,"[-74.05856989854865, 4.368167220321011, -73.99132319141168, 4.435645747318065]"
25843,"[-73.84801493882117, 5.273467220199489, -73.78067793591005, 5.340945747318065]"
52885,"[-77.43567735758215, 1.0812672207602063, -77.36861628547854, 1.1487457473180644]"
25817,"[-73.94469696939693, 4.932367220245313, -73.8773959896571, 4.999845747318063]"
25807,"[-73.5378013340716, 5.017367220233899, -73.47049160433579, 5.084845747318065]"
25793,"[-73.92110896905018, 5.162667220214379, -73.85378393350109, 5.230145747318064]"
25736,"[-73.83080103385971, 5.011567220234679, -73.76349190596422, 5.079045747318064]"
25781,"[-73.88611169022624, 5.213467220207553, -73.81878119962134, 5.280945747318065]"
25779,"[-73.84802303959638, 5.420167220179764, -73.7806697976641, 5.487645747318065]"
68132,"[-72.97934787830722, 7.314067219924175, -72.91174440947557, 7.381545747318067]"
25769,"[-74.20719504241139, 4.894367220250415, -74.13989792579441, 4.961845747318065]"
25745,"[-73.88532581796403, 5.46956722017312, -73.81796700651499, 5.537045747318064]"
15822,"[-73.01972905541022, 5.526567220165453, -72.95236375421852, 5.594045747318064]"
15806,"[-73.03253996196466, 5.71436722014018, -72.96515279795872, 5.781845747318064]"
15820,"[-72.86534112740713, 5.734067220137529, -72.79795162723299, 5.801545747318065]"
15368,"[-72.6044642765022, 6.112067220086606, -72.53702837421234, 6.179545747318064]"
15276,"[-72.95224659973235, 5.825667220125195, -72.88484613016917, 5.893145747318065]"
52210,"[-77.58407524973398, 0.8762672207875375, -77.51701841610071, 0.9437457473180647]"
15293,"[-73.58304012145541, 5.717067220139817, -73.51565263774467, 5.784545747318065]"
15296,"[-72.83864320800014, 5.7690672201328175, -72.77124953722108, 5.836545747318064]"
15317,"[-72.5342846192712, 6.425667220044304, -72.46680794153127, 6.493145747318066]"
15325,"[-73.52279696939694, 4.932367220245312, -73.45549598965711, 4.999845747318063]"
15362,"[-73.01223204997812, 5.57876722015843, -72.94486074595453, 5.646245747318064]"
15367,"[-73.39721920700346, 5.351267220189028, -73.32987364794619, 5.418745747318065]"
15401,"[-74.2664269216961, 5.489067220170498, -74.19906589771495, 5.556545747318067]"
15814,"[-73.2176292610189, 5.530167220164971, -73.15026354766826, 5.597645747318066]"
25299,"[-73.64438683447496, 4.729067220272604, -73.5771061729774, 4.796545747318064]"
15464,"[-72.83224026919997, 5.71956722013948, -72.76485248933012, 5.787045747318064]"
15466,"[-72.88283845354294, 5.688767220143626, -72.81545431322633, 5.756245747318065]"
15476,"[-73.40083002180185, 5.543467220163181, -73.3334627834028, 5.610945747318065]"
15491,"[-72.97364124002478, 5.735967220137273, -72.90625151410512, 5.803445747318064]"
13268,"[-73.98088666037178, 8.953167219701236, -73.91300505168542, 9.020645747318067]"
15494,"[-73.49001750974432, 5.320467220193171, -73.422675353061, 5.387945747318065]"
52287,"[-77.48237612232653, 0.9662672207755388, -77.41531753367805, 1.0337457473180647]"
15500,"[-73.34173100840982, 5.560667220160866, -73.2743617922823, 5.628145747318065]"
52317,"[-77.76537572722911, 0.9265672207808316, -77.6983179331441, 0.9940457473180646]"
15272,"[-73.02643534658466, 5.635667220150775, -72.95905743431372, 5.703145747318066]"
15248,"[-72.53038615862103, 6.448767220041186, -72.46290639542565, 6.516245747318066]"
52110,"[-77.18988078400109, 1.350967220724244, -77.12281282701544, 1.4184457473180645]"
15244,"[-72.47808130657543, 6.375667220051052, -72.41061126878748, 6.443145747318065]"
15183,"[-72.50616694107005, 6.154067220080943, -72.43872569779721, 6.221545747318065]"
15131,"[-73.89932873013981, 5.5208672201662194, -73.83196408097892, 5.588345747318063]"
15114,"[-72.91784485174036, 5.7965672201291145, -72.85044788605111, 5.864045747318065]"
15109,"[-73.97552627595563, 5.477667220172031, -73.90816654641979, 5.545145747318064]"
15187,"[-73.31582895836426, 5.524867220165681, -73.24846385170899, 5.592345747318065]"
15189,"[-73.32972053084528, 5.375167220185816, -73.2623723179865, 5.442645747318065]"
15204,"[-73.35673328585916, 5.600167220155551, -73.28935950443197, 5.667645747318065]"
15092,"[-72.84194972713073, 5.877367220118231, -72.7745429886824, 5.944845747318065]"
15215,"[-72.8786447498979, 5.794867220129343, -72.8112479883536, 5.8623457473180665]"
15087,"[-72.94585451688663, 5.955667220107683, -72.87843817741665, 6.023145747318065]"
15051,"[-73.47114033422828, 5.720667220139332, -73.40375242400697, 5.788145747318064]"
15047,"[-72.91722672896493, 5.485667220170957, -72.8498660913307, 5.553145747318066]"
15022,"[-73.4121971985859, 4.93686722024471, -73.34489575938116, 5.004345747318065]"
15001,"[-73.39502791560302, 5.506567220168144, -73.32766489924887, 5.574045747318064]"
52022,"[-77.73407499690568, 0.8484672207912434, -77.6670186719122, 0.9159457473180646]"
15224,"[-73.48782812046022, 5.510167220167658, -73.4204646934525, 5.577645747318065]"
15226,"[-72.99943018220199, 5.546267220162803, -72.93206262226876, 5.613745747318065]"
15232,"[-73.52253190591148, 5.576267220158766, -73.45516089067922, 5.643745747318065]"
15236,"[-73.40189301517817, 4.854067220255827, -73.33459996268041, 4.921545747318065]"
15238,"[-73.06334434881325, 5.788167220130245, -72.9959483912504, 5.855645747318065]"
52083,"[-77.04748401821199, 1.5641672206958102, -76.98040956579645, 1.6316457473180646]"
52320,"[-77.58207752520833, 1.0959672207582465, -77.5150161161668, 1.1634457473180644]"
52323,"[-77.59957533514019, 0.885467220786311, -77.53251832970173, 0.9529457473180647]"
15511,"[-73.43140601099314, 5.1068672202218774, -73.36408690541208, 5.174345747318066]"
52585,"[-77.67377489550739, 0.8370672207927631, -77.60671877452654, 0.9045457473180645]"
15761,"[-73.46579798962489, 4.952367220242629, -73.39849496459294, 5.019845747318065]"
15762,"[-73.53062983858764, 5.54026722016361, -73.46326296745546, 5.607745747318065]"
15763,"[-73.2817409615131, 5.731267220137907, -73.21435179387873, 5.7987457473180655]"
15764,"[-73.3669256654523, 5.4668672201734845, -73.29956715972746, 5.534345747318065]"
15774,"[-72.72476959851288, 6.195667220075333, -72.65732302856073, 6.263145747318063]"
52685,"[-77.08018272705739, 1.4826672207066802, -77.01311086745041, 1.5501457473180646]"
15776,"[-73.65503251720233, 5.586867220157339, -73.58766027659678, 5.654345747318064]"
52693,"[-77.04758524251879, 1.6377672206859928, -76.98050833182187, 1.7052457473180649]"
85315,"[-72.28116127276041, 6.064367220093035, -72.21373139133634, 6.131845747318064]"
15778,"[-73.48549978502464, 4.9873672202379264, -73.4181931606975, 5.054845747318064]"
15790,"[-72.81504961170207, 5.875467220118489, -72.74764310463041, 5.942945747318065]"
15798,"[-73.45470267373456, 5.043167220230433, -73.38739025835791, 5.110645747318065]"
52720,"[-77.65487650397853, 1.0031672207706195, -77.58781714791962, 1.0706457473180644]"
68264,"[-73.13176377106412, 6.104067220087685, -73.06432888190022, 6.171545747318064]"
52788,"[-77.4282771297239, 1.060967220762913, -77.36121651565297, 1.1284457473180645]"
15804,"[-73.43051548389882, 5.283467220198144, -73.36317738830122, 5.3509457473180655]"
15180,"[-72.53309089812184, 6.519367220031654, -72.46560163516403, 6.5868457473180655]"
86219,"[-77.0019782504156, 1.157467220750047, -76.93491538383144, 1.2249457473180647]"
15808,"[-73.67973022804564, 5.547067220162695, -73.61236257621538, 5.614545747318064]"
15759,"[-72.96693805989177, 5.682067220144529, -72.89955470866553, 5.749545747318065]"
85136,"[-72.36786312130134, 6.093767220089072, -72.3004295345564, 6.161245747318064]"
52354,"[-77.53037669626359, 1.021267220768206, -77.4633169536041, 1.0887457473180644]"
15757,"[-72.72585503454451, 5.9640672201065525, -72.65843765743882, 6.031545747318066]"
15522,"[-72.49288351653948, 6.409067220046544, -72.42540904910653, 6.476545747318063]"
68324,"[-73.73445236793552, 5.9206672201124, -73.66704033600836, 5.9881457473180655]"
15537,"[-72.78305428295093, 5.951867220108195, -72.71563841240105, 6.019345747318065]"
15542,"[-73.08392897548782, 5.525167220165643, -73.01656383450698, 5.592645747318065]"
15550,"[-72.51893845354296, 5.6887672201436255, -72.45155431322631, 5.756245747318064]"
15599,"[-73.36922008151221, 5.367067220186905, -73.30187276939516, 5.434545747318065]"
15600,"[-73.66362783597286, 5.505167220168333, -73.59626497924414, 5.572645747318064]"
15621,"[-73.24221764714021, 5.322967220192833, -73.17487521502866, 5.390445747318064]"
15632,"[-73.7967369519713, 5.663167220147073, -73.72935582162167, 5.730645747318065]"
15638,"[-73.57583037135007, 5.54956722016236, -73.50846243225536, 5.617045747318065]"
15646,"[-73.52032517454289, 5.458167220174655, -73.45296765289302, 5.525645747318065]"
52506,"[-77.5998767295317, 1.024367220767793, -77.53281691998717, 1.0918457473180647]"
15676,"[-73.75642663830966, 5.484067220171171, -73.68906618240212, 5.551545747318065]"
15693,"[-73.01534752233405, 5.840967220123134, -72.94794520340763, 5.908445747318065]"
15696,"[-73.63673793073548, 5.679867220144823, -73.56935483840859, 5.747345747318064]"
15720,"[-72.7411633671971, 6.097667220088546, -72.6737292875655, 6.165145747318063]"
15723,"[-72.74536097181868, 6.059567220093682, -72.67793169362041, 6.127045747318065]"
15740,"[-73.27782637216424, 5.479367220171802, -73.21046644976943, 5.546845747318065]"
68397,"[-73.62306632403772, 6.144367220082251, -73.55562631757101, 6.2118457473180655]"
15755,"[-72.67005769604023, 6.007067220100756, -72.60263498402965, 6.074545747318065]"
15425,"[-73.35299726483522, 4.938167220244534, -73.28569569281771, 5.005645747318064]"
